Order ID,Order Date,Order Status,ASIN,Product Name,Original Quantity,Unit Price,Total Amount,is_grocery,category,grocery_subcategory,year,year_month,is_returned,return_reasons,return_amount,is_refunded,refund_amount,refund_date,is_return_related_refund,reversal_reasons
114-9304648-5240228,2019-08-15 00:59:45+00:00,Closed,B07CT5M9S4,Edifier RC10D Remote Control for R2000DB,1,19.99,19.99,False,Electronics & Accessories,,2019,2019-08-01,False,,,False,0.0,,False,
112-7899331-5627416,2021-06-10 14:56:16+00:00,Closed,B01N9SE2T9,"Katadyn Befree Replacement Cartridge, Blue, one Size (8019641)",1,24.95,27.01,False,Outdoors & Sporting,,2021,2021-06-01,False,,,False,0.0,,False,
112-7899331-5627416,2021-06-10 14:56:16+00:00,Closed,B08NX82XZB,Hydrapak Seeker - Collapsible Water Storage (2L/70oz) - BPA & PVC Free Camping Hydration Reservoir Bag - Mammoth Grey,1,22.0,23.82,False,Outdoors & Sporting,,2021,2021-06-01,False,,,False,0.0,,False,
112-1108775-0412236,2023-11-08 00:16:08+00:00,Closed,B06WV7VMKH,hand2mind-65803 Bananagrams Word Game,1,19.99,21.64,False,Toys & Games,,2023,2023-11-01,False,,,False,0.0,,False,
112-7336764-7977035,2022-03-21 21:52:51+00:00,Closed,B083TMWFSZ,"LEVOIT Air Purifier for Home Allergies Pets Hair in Bedroom, H13 True HEPA Filter, 24db Filtration System Cleaner Odor Eliminators, Ozone Free, Remove 99.97% Dust Smoke Mold Pollen, Core 300, Black",1,99.99,108.24,False,Home & Kitchen,,2022,2022-03-01,False,,,False,0.0,,False,
114-0034926-8690640,2013-11-09 05:55:25+00:00,Closed,B0032SEOAO,"Keds Women's Champion Jersey Sneaker,Blue,7.5 M US",1,26.0,26.0,False,Clothing & Shoes,,2013,2013-11-01,True,Too large,26.0,True,26.0,2014-01-07 20:31:28+00:00,True,Customer return
113-7951400-4468215,2020-06-24 05:28:35+00:00,Closed,B07KWVTSHJ,"adidas Originals Men's Matchcourt Sneaker, Dark Grey Heather/White/Gum, 5.5 M US",1,69.95,88.71,False,Clothing & Shoes,,2020,2020-06-01,True,Too large,70.33,True,70.33,2020-07-06 00:04:08.489000+00:00,True,Customer return
113-9272127-5336257,2015-01-24 00:38:18+00:00,Closed,8867322516,"Moleskine 2015 Weekly Planner, 12 Month, Pocket, Black, Soft Cover (3.5 x 5.5) (Moleskine Diaries)",1,13.79,14.93,False,Office & Supplies,,2015,2015-01-01,False,,,False,0.0,,False,
112-2278938-8748252,2024-10-29 23:42:10+00:00,Closed,B0CFRC33SN,"Dog Playpen, Puppy Pet Playpen Indoor for Large Dogs, Dog Tent Crates Cage Indoor/Outdoor, Portable Pop Up Dog Kennel Playpen with Carrying Case for Dogs/Cats/Rabbits, Removable Zipper Top, Black",1,49.99,54.11,False,Pet Supplies,,2024,2024-10-01,False,,,False,0.0,,False,
112-4395881-4606632,2022-12-05 19:28:47+00:00,Closed,B0BFBRF9PT,"Ringke Onyx [Anti-Fingerprint Technology] Compatible with Google Pixel 7 Case 5G, Shockproof Rugged Heavy Duty Non-Slip Flexible Smudge Proof Cover - Dark Green",1,14.99,15.14,False,Electronics & Accessories,,2022,2022-12-01,True,No longer needed/wanted,15.14,True,15.14,2022-12-14 02:00:14.308000+00:00,True,Customer return
110-9189072-2139411,2013-01-22 03:46:59+00:00,Closed,0765322897,Calculating God,1,0.01,4.0,False,Books & Media,,2013,2013-01-01,False,,,False,0.0,,False,
110-7463739-8685832,2013-01-22 03:39:42+00:00,Closed,0520256425,Personal Identity: Second Edition (Topics in Philosophy),1,14.95,18.94,False,Books & Media,,2013,2013-01-01,False,,,False,0.0,,False,
105-3827772-0492238,2012-09-06 21:44:07+00:00,Closed,0375507256,Cloud Atlas: A Novel,1,8.98,12.97,False,Books & Media,,2012,2012-09-01,False,,,False,0.0,,False,
102-6821131-7601051,2012-02-17 03:02:05+00:00,Closed,1551113082,Frankenstein: the original 1818 text (Broadview Literary Texts),1,3.26,7.25,False,Books & Media,,2012,2012-02-01,False,,,False,0.0,,False,
102-6079664-0777011,2012-02-17 03:02:05+00:00,Closed,0807072311,"Flying Solo: Reimagining Manhood, Courage, and Loss",1,1.0,4.99,False,Books & Media,,2012,2012-02-01,False,,,False,0.0,,False,
102-3604951-7038651,2012-01-21 04:37:15+00:00,Closed,023111639X,Mathematics: The New Golden Age,1,7.4,11.39,False,Books & Media,,2012,2012-01-01,False,,,False,0.0,,False,
112-1013521-6589009,2023-03-03 07:23:47+00:00,Closed,B0BH4TRMW4,"Savonnerie Round Coffee Table, Hand-cast Metal with Antiqued Finish, 36 Inches",1,259.99,281.44,False,Home & Kitchen,,2023,2023-03-01,True,No longer needed/wanted,281.44,True,281.44,2023-03-22 04:11:03.856000+00:00,True,Customer return
112-8371547-8658662,2022-08-30 21:52:52+00:00,Closed,B08SQX65CN,"Zakkart Cat Window Perch - 100% Metal Supported from Below - Comes with Warm Spacious Pet Bed - Cat Window Hammock for Large Cats & Kittens - for Sunbathing, Napping & Overlooking (White)",1,39.99,43.29,False,Pet Supplies,,2022,2022-08-01,False,,,False,0.0,,False,
113-0363402-2161807,2021-03-02 21:25:28+00:00,Closed,B004OQHZ2M,ROHTO Hadalabo Gokujun Cleansing Oil 200ml,1,16.28,17.62,False,Health & Beauty,,2021,2021-03-01,False,,,False,0.0,,False,
113-5193566-0276268,2021-03-02 21:25:28+00:00,Closed,B078BLRM2L,COSRX Acne Pimple Master Patch 96 Patches (4 Packs of 24 Patches) | A.D.F. Hydrocolloid Dressing | Quick & Easy Treatment,1,12.86,13.92,False,Health & Beauty,,2021,2021-03-01,False,,,False,0.0,,False,
113-0363402-2161807,2021-03-02 21:25:28+00:00,Closed,B085RKX35W,ETUDE HOUSE SoonJung 5.5 Foam Cleanser 150ml | Hypoallergenic cleansing foam for sensitive skin | Korean Skin Care,1,9.45,10.23,False,Health & Beauty,,2021,2021-03-01,False,,,False,0.0,,False,
113-3926048-9455438,2021-03-02 21:25:28+00:00,Closed,B07N3SMBRM,"COSRX Advanced Snail 96 Mucin Power Essence 3.38 fl.oz / 100ml | Snail Secretion Filtrate 96% | Skin Repair Serum | Korean Skin Care, Cruelty Free, Paraben Free, Alcohol Free",1,18.15,19.65,False,Health & Beauty,,2021,2021-03-01,False,,,False,0.0,,False,
112-8999068-7836227,2024-12-13 06:12:35+00:00,Closed,B0CTKNT46H,"Enclosed Stainless Steel Cat Litter Box, Litter Box with Lid, High Sided Metal Litter Box, Enclosed Cat Litter Boxes, Never Absorbs Odors, Anti-Urine Leakage, Easy Cleaning",1,54.98,56.54,False,Pet Supplies,,2024,2024-12-01,False,,,False,0.0,,False,
112-4261850-6707413,2024-12-03 07:27:10+00:00,Closed,B08F26Z2DW,"ISMARTEN Cat Spring Toy (60 Pack), Cat Kittens Toys Plastic Coil Spiral Springs for Swatting, Biting, Hunting, and Active Healthy Play (Random Color)",1,6.99,7.57,False,Pet Supplies,,2024,2024-12-01,False,,,False,0.0,,False,
114-9375289-9660231,2021-03-05 18:58:06+00:00,Closed,B08277ZVGP,"Various Elk Series Paint by Numbers for Adults Kids Beginners with Paint and Brushes(16×20inches,Without Frame) (Noble elk)",1,10.99,11.9,False,Toys & Games,,2021,2021-03-01,False,,,False,0.0,,False,
114-9636116-7209051,2019-01-22 03:28:47+00:00,Closed,B06ZY59K95,"Jessica Simpson Women's Rolled Crop Skinny Jean (4/27, Cabo Light Blue)",1,20.68,24.67,False,Clothing & Shoes,,2019,2019-01-01,True,Too small,20.68,True,28.66,2019-02-05 01:05:07.447000+00:00,True,Customer return
114-9521217-1513018,2019-01-22 03:16:39+00:00,Closed,B07CGFSGJV,"Jessica Simpson Women's Rolled Crop Skinny Jean (4/27, Curzon)",1,13.07,17.06,False,Clothing & Shoes,,2019,2019-01-01,True,Too small,13.07,True,13.07,2019-02-02 00:24:49.085000+00:00,True,Customer return
112-8236511-7909053,2023-02-19 18:20:03+00:00,Closed,B003S4918M,Urnex Cafiza Espresso Machine Cleaning Tablets - 100 Count - Professional Espresso Machine Cleaner Barista Use,1,17.75,19.21,False,Home & Kitchen,,2023,2023-02-01,False,,,False,0.0,,False,
112-1280860-8611400,2025-03-28 23:49:54+00:00,Closed,B0DJVGZQW7,"eufy Indoor Cam E30, Latest Generation, 4K UHD Security Camera, Pet/Dog/Baby Camera with Phone app, Color Night Vision, Human/Pet Auto Tracking, 360 Pan-Tilt, Works with Homekit",1,49.99,54.11,False,Electronics & Accessories,,2025,2025-03-01,False,,,False,0.0,,False,
114-3496018-3891427,2019-05-27 20:10:55+00:00,Closed,B01I0SI1SG,"Syncwire 3.5mm Premium Aux Cable (3.3ft/1m, Hi-Fi Sound), Auxiliary Audio Cable Male to Male AUX Cord for Headphones, Car, Home Stereos, iPhone, iPad, iPod, Echo Dots, Smartphones & More - Black",1,5.49,5.65,False,Electronics & Accessories,,2019,2019-05-01,False,,,False,0.0,,False,
113-9903608-7854660,2017-12-24 20:38:00+00:00,Closed,B01M7NCT5O,Jaybird X3 Sport Bluetooth Headset for iPhone and Android - Blackout,1,79.99,86.59,False,Electronics & Accessories,,2017,2017-12-01,True,Defective/Does not work properly,86.59,True,86.59,2018-01-05 02:46:16+00:00,True,Customer return
113-0476223-4496259,2021-11-30 03:48:45+00:00,Closed,B091Y2KLZZ,Hisense ULED 4K Premium 55U6G Quantum Dot QLED Series 55-Inch Android Smart TV with Alexa Compatibility (2021 Model),1,499.0,534.76,False,Electronics & Accessories,,2021,2021-11-01,False,,,False,0.0,,False,
113-9867340-4219428,2021-07-08 05:02:01+00:00,Closed,B01D328BG6,"Philips Norelco OneBlade Hybrid Electric Trimmer and Shaver, FFP, QP2520/90",1,34.95,41.07,False,Electronics & Accessories,,2021,2021-07-01,False,,,False,0.0,,False,
114-4886280-0557850,2024-05-07 17:32:40+00:00,Closed,B076DDR998,"COSRX Clear Fit Master Patch, 18 Patches",1,4.47,4.84,False,Health & Beauty,,2024,2024-05-01,False,,,False,0.0,,False,
114-4886280-0557850,2024-05-07 17:32:40+00:00,Closed,B014SAB948,"COSRX Acne Pimple Patch (96 Count) Absorbing Hydrocolloid Spot Treatment Fast Healing, Blemish Cover, Three Sizes",1,13.85,14.99,False,Health & Beauty,,2024,2024-05-01,False,,,False,0.0,,False,
114-2811229-1473069,2019-01-21 07:41:33+00:00,Closed,B01N6GW8KN,"NYDJ Women's Petite Size Alina Skinny Convertible Ankle Jeans, Jet Stream, 4P",1,105.36,114.05,False,Clothing & Shoes,,2019,2019-01-01,True,Style not as expected,993.1199999999999,True,248.27999999999997,2019-01-31 18:50:44.905000+00:00,True,Customer return
112-1699869-7940243,2024-12-16 23:35:02+00:00,Closed,B076YV3P7K,"IRIS USA Cat Litter Box, Large Top Entry with Litter Catching Lid and Scoop, Dog Proof, Enclosed Cat Litter Box, Black/Gray",1,25.99,23.91,False,Pet Supplies,,2024,2024-12-01,False,,,False,0.0,,False,
114-4505536-0000207,2024-12-23 14:56:11+00:00,Closed,B06X15H5RH,"Nulo Freestyle Cat & Kitten Wet Pate Canned Cat Food, Premium All Natural Grain-Free, with 5 High Animal-Based Proteins and Vitamins to Support a Healthy Immune System and Lifestyle",1,44.28,43.14,False,Pet Supplies,,2024,2024-12-01,False,,,False,0.0,,False,
112-7650045-4161839,2024-08-24 21:52:46+00:00,Closed,B0DBWJ3QQ1,"Ringke Onyx [Compatible with MagSafe] Designed for Google Pixel 9 Case, Prevents Oily Smudges Feels Good in The Hand Non-Slip Enhanced Grip Precise Cutouts for Camera - Magnetic Black",1,19.99,21.64,False,Electronics & Accessories,,2024,2024-08-01,True,Unknown Reason,21.64,True,21.64,2024-09-06 07:04:04.240000+00:00,False,Shipping address is undeliverable
112-9795066-6202619,2025-12-19 01:39:14+00:00,Closed,B09YNBM1HM,"2 Set, 2 Tier Clear Organizer with Dividers for Cabinet, Shlef, Counter - MultiUse Slide-Out Storage Container - Kitchen, Pantry, Medicine Cupboard Bins, Bathroom, Vanity Makeup, Under Sink Organizing",1,29.99,32.46,False,Health & Beauty,,2025,2025-12-01,False,,,False,0.0,,False,
112-9795066-6202619,2025-12-19 01:39:14+00:00,Closed,B0D49L5NQT,"ELYKEN Corner Shower Caddy Standing, 3 Tier Rustproof Metal Shower Organizer with Soap Holder, Floor Shower Corner Shelf Rack Storage Stands with Adjustable Feet & 2 Hooks for Bathroom, White",1,31.99,34.63,False,Home & Kitchen,,2025,2025-12-01,False,,,False,0.0,,False,
112-9795066-6202619,2025-12-19 01:39:14+00:00,Closed,B0921Y3SCW,"DEKAVA Paper Towel Holder Under Cabinet Wall Mount for Kitchen Towel, Self-Adhesive Bar, Rack, SUS304 Stainless Steel 13 inch (BlackA, 1)",1,8.99,9.73,False,Home & Kitchen,,2025,2025-12-01,False,,,False,0.0,,False,
113-0364036-3713830,2020-09-11 15:30:48+00:00,Closed,B00G67FD6W,"Blackhole Litter Mat - Moonshuttle Rectangular Cat Litter Mat, 30 X 23-Inch, Dark Gray",1,34.95,37.83,False,Pet Supplies,,2020,2020-09-01,False,,,False,0.0,,False,
112-2200595-9535426,2021-05-18 01:13:49+00:00,Closed,B077TGBVBV,"The Hat Depot Kids Washed Low Profile Cotton and Denim Plain Baseball Cap Hat (6-9yrs, Black)",1,10.99,11.9,False,Clothing & Shoes,,2021,2021-05-01,False,,,False,0.0,,False,
113-1123519-2155420,2021-01-15 01:02:10+00:00,Closed,B00JF9ECR4,"FlipBelt Level Terrain Waist Pouch, Carbon, Small/26-29",1,20.8,22.52,False,Outdoors & Sporting,,2021,2021-01-01,False,,,False,0.0,,False,
112-2519638-3841869,2025-01-25 07:28:43+00:00,Closed,B0BYJJQT3Y,"HSYTEK 6 Pack Toothbrush Heads Dustproof Cover Compatible with Oral B, Fits for Oral-B iO Series, Pro 1000, 1500, 5000, 7500 Electric Toothbrush, Protects Brush Head and Convenient Travel",1,6.68,7.23,False,Health & Beauty,,2025,2025-01-01,False,,,False,0.0,,False,
112-6525056-4036256,2025-12-23 17:45:07+00:00,Closed,B0D9BBV4FZ,"amFilm Auto-Alignment OneTouch for iPhone 16 Pro [6.3''] Screen Protector + Camera Lens Protector, Tempered Glass, 30 seconds Installation, Bubble Free, Case Friendly, Anti-Scratch [2+2 Pack]",1,8.99,9.73,False,Electronics & Accessories,,2025,2025-12-01,True,Incompatible or not useful for intended purpose,9.73,True,9.73,2025-12-26 22:43:46.192000+00:00,True,Customer return
112-3336522-9138642,2025-12-23 17:45:07+00:00,Closed,B07RCNB2L3,"Kasa Smart Plug HS103P4, Smart Home Wi-Fi Outlet Works with Alexa, Echo, Google Home & IFTTT, No Hub Required, Remote Control, 15 Amp, UL Certified, 4-Pack, White",1,24.24,26.24,False,Electronics & Accessories,,2025,2025-12-01,True,No longer needed/wanted,26.24,True,26.24,2025-12-26 21:51:03.176000+00:00,True,Customer return
112-3032240-1555461,2025-05-16 00:39:41+00:00,Closed,B005JU5UMO,"BOSCH 19A ICON Premium Beam Wiper Blade; 19"" - Single",2,22.2,48.06,False,Home & Kitchen,,2025,2025-05-01,False,,,False,0.0,,False,
113-5115335-7419469,2024-07-26 18:23:18+00:00,Closed,B07D33DSZG,"INABA Churu Cat Treats, Grain-Free, Lickable, Squeezable Creamy Purée Cat Treat/Topper with Vitamin E & Taurine, 0.5 Ounces Each Tube, 10 Tubes Total/Two Flavors, Chicken Variety",2,5.82,3.4,False,Pet Supplies,,2024,2024-07-01,False,,,False,0.0,,False,
112-8985827-6752261,2022-07-06 03:37:26+00:00,Closed,B08F822PSJ,Weck Canning Jars 742 - Weck Mold Jars made of Transparent Glass - Eco-Friendly Canning Jar - Food Storage Containers with Lids Airtight - 1/2 Liter Jars Set - Pack of 4 Jars with Lids,1,30.98,31.86,False,Home & Kitchen,,2022,2022-07-01,False,,,False,0.0,,False,
110-8644735-3345029,2013-01-22 03:39:42+00:00,Closed,0674766911,The Return of Martin Guerre,1,7.18,11.17,False,Books & Media,,2013,2013-01-01,False,,,False,0.0,,False,
104-7301120-8243402,2016-03-18 02:34:52+00:00,Closed,B004PX4SLA,Japanese Squeezee Bottle Soy Sauce Pot Salad Dressing Bottle 12oz,1,5.25,5.25,False,Home & Kitchen,,2016,2016-03-01,False,,,False,0.0,,False,
105-6233538-5760213,2016-02-24 18:09:00+00:00,Closed,B007OWP35Y,"Chimes Mango Ginger Chews, 1lb Bag",1,12.82,12.82,False,Food & Snacks,,2016,2016-02-01,False,,,False,0.0,,False,
112-5738474-0484265,2023-09-05 22:21:36+00:00,Closed,B07JK7BV22,"Miusol Women's Formal Floral Lace Evening Party Maxi Dress (Medium, Magenta)",1,45.99,49.78,False,Clothing & Shoes,,2023,2023-09-01,True,No longer needed/wanted; Style not as expected,1536.6599999999999,True,170.74,2023-09-15 01:48:36.151000+00:00,True,Customer return
112-9158247-1281057,2021-11-18 22:42:02+00:00,Closed,B07W18MDD8,"jinchan Blackout Curtains Geometric Patterns Design Grommet Top Bedroom Window Curtains Room Darkening Thermal Insulated Drapes 95"" L Blue",1,31.99,34.63,False,Home & Kitchen,,2021,2021-11-01,False,,,False,0.0,,False,
112-3439320-0159451,2022-04-19 03:30:41+00:00,Closed,B08LG9XLX9,"Purelux Shower Arm 8 Inches Universal Replacement Made of Stainless Steel, Chrome Finish Flange Included",1,12.74,13.79,False,Home & Kitchen,,2022,2022-04-01,False,,,False,0.0,,False,
113-5434418-0944211,2024-10-04 19:42:03+00:00,Closed,B093V1GPG5,"Reebok womens CLUB C 85 VINTAGE,CHALK/ALABAS/GLEGRN,7.5",1,50.0,54.13,False,Clothing & Shoes,,2024,2024-10-01,False,,,False,0.0,,False,
112-8509911-3389833,2022-08-18 14:33:41+00:00,Closed,B09DSY4Z2T,"Filter Replacement for Tineco A10 A11 Hero A10/A11 Master PURE ONE S11 Series, S12, X Cordless Vacuum Cleaner (3 PACK)",1,14.99,16.23,False,Home & Kitchen,,2022,2022-08-01,False,,,False,0.0,,False,
111-8991014-1075441,2026-03-06 18:33:07+00:00,Closed,B0007GAWRS,"Escali Primo Digital Food Scale Multi-Functional Kitchen Scale and Baking Scale for Precise Weight Measuring and Portion Control, 8.5 x 6 x 1.5 inches, Chrome",1,25.0,27.06,False,Home & Kitchen,,2026,2026-03-01,False,,,False,0.0,,False,
113-4756203-4027446,2021-08-16 21:52:12+00:00,Closed,B08XWDFM6D,"JARDIN Dry Snorkel Set, Panoramic Wide View Snorkel Mask, Anti-Fog Tempered Glass Diving Mask, Free Breathing& Easy Adjustable Strap Scuba Mask, Professional Snorkeling Gear for Adults",1,24.99,25.7,False,Outdoors & Sporting,,2021,2021-08-01,False,,,False,0.0,,False,
113-4756203-4027446,2021-08-16 21:52:12+00:00,Closed,B0995CN5JL,"Reef Safe Sunscreen SPF 50 (2 Pack) - All Natural, Travel Size, Water Resistant, Moisturizing, Biodegradable, Broad Spectrum UVA/UVB Coral Friendly Mineral Sunblock from Reef Repair (2 x 1.7 fl.Oz)",1,19.95,19.95,False,Health & Beauty,,2021,2021-08-01,False,,,False,0.0,,False,
113-5376201-9639419,2020-09-30 21:21:32+00:00,Closed,B07DJW4WZC,Cyberpunk 2077 - Xbox One,1,49.94,54.06,False,Toys & Games,,2020,2020-09-01,True,Defective/Does not work properly,54.06,True,54.06,2020-12-21 21:54:19.562000+00:00,True,Customer return
112-9532552-7723414,2021-11-21 05:15:51+00:00,Closed,B07M7CTDL2,Linklike USB C to 3.5mm Audio Adapter and Charger 2-in-1 Headphone Adapter PD 60W Fast Charging Hi-Res Sound Compatible with Samsung S21 S20 Plus Note10 Google Pixel 5 4 XL iPad Pro 2018 2020 Adapter,1,18.99,20.56,False,Electronics & Accessories,,2021,2021-11-01,True,Defective/Does not work properly,41.12,True,20.56,2021-11-29 03:50:47.655000+00:00,True,Customer return
112-0314100-1757823,2019-12-30 07:46:35+00:00,Closed,1935305131,Magnetic Poetry - Bitch Kit - Words for Refrigerator - Write Poems and Letters on the Fridge - Made in the USA,1,12.95,14.02,False,Crafts & Hobby,,2019,2019-12-01,False,,,False,0.0,,False,
112-3882989-0982666,2026-02-10 05:36:13+00:00,Closed,B09Q27XB8Z,"[ Set of 2 Skeins ] SMC Catania Originals 100% Mercerized Cotton Yarn, Total 3.52 Oz. Each 1.76 Oz (50g) / 136 Yrds (125 m) Amigurumi Yarn Fine-Sport 2 (110 Black)",1,9.59,10.38,False,Crafts & Hobby,,2026,2026-02-01,False,,,False,0.0,,False,
112-6778897-1062601,2021-05-28 22:22:16+00:00,Closed,B07WCNYD62,Night Cat Backpacking Tent for One 1 to 2 Persons Lightweight Waterproof Camping Hiking Tent for Adults Kids Scouts Easy Setup Single Layer 2.2x1.2m,1,39.99,34.64,False,Outdoors & Sporting,,2021,2021-05-01,True,No longer needed/wanted,34.64,True,34.64,2021-06-09 20:02:37.403000+00:00,True,Customer return
112-0714224-4740241,2026-08-08 20:06:28.065000+00:00,Closed,B0D6YMSS6K,"amFilm Designed for Google Pixel 10 Pro /10/9 / 9 Pro 6.3"" Screen Protector",1,9.99,10.81,False,Electronics & Accessories,,2026,2026-08-01,False,,,False,0.0,,False,
111-4899369-5711448,2022-07-01 20:29:07+00:00,Closed,B07V36S1MM,"Helonge 2 Pack 28 Inch/700 Bicycle Tube, 700x25C-32C Race Tube, 48 mm Presta Valves, Compatible with 700x25C/28C/30C/32C(28x1-1.25) Bike Tire, Heavy Duty Cycle Tyre Inner Tube for MTB, Road, BMX Bike",1,14.99,16.23,False,Outdoors & Sporting,,2022,2022-07-01,False,,,False,0.0,,False,
111-4899369-5711448,2022-07-01 20:29:07+00:00,Closed,B003SUT6VS,"Dyna-Gro DYFOL008 Foliage Pro, 8 oz, White",1,11.99,12.98,False,Outdoors & Sporting,,2022,2022-07-01,False,,,False,0.0,,False,
114-0494006-1124248,2018-11-23 22:27:08+00:00,Closed,B00AWJC1LK,Factory New LG 42LH40 Remote Control Replacement,1,22.99,25.98,False,Electronics & Accessories,,2018,2018-11-01,False,,,False,0.0,,False,
114-5086532-1597853,2024-02-07 22:42:41+00:00,Closed,B00004OCNS,OXO Good Grips 11-Inch Balloon Whisk,1,10.95,11.85,False,Home & Kitchen,,2024,2024-02-01,False,,,False,0.0,,False,
112-7779618-0368249,2025-03-21 20:09:48+00:00,Closed,B0BV6HTPM1,"QEEIG C Table Side Table Set of 2 Living Room Sets C Shaped Couch Tray End Tables Farmhouse, Rustic Brown (017-30BN)",1,39.82,43.11,False,Home & Kitchen,,2025,2025-03-01,False,,,False,0.0,,False,
113-6917725-0657022,2019-09-14 19:17:11+00:00,Closed,B00L66LPXI,"Emerica Men's Wino Cruiser Skateboard Shoe, Black/Black, 6 M US",1,45.0,48.71,False,Clothing & Shoes,,2019,2019-09-01,True,Style not as expected,48.71,True,48.71,2019-09-30 16:45:32.739000+00:00,True,Customer return
113-6875873-3812215,2024-10-10 22:34:29+00:00,Closed,B07FVT35MJ,"sinotron Pumpkin Carving Kit - 4 Easy Halloween Pumpkin Carving Tools Set with 10 Stencils Patterns, Professional Heavy Duty Pumpkin Carving Knife for Family Party Halloween Decorations Decor",2,9.97,24.81,False,Home & Kitchen,,2024,2024-10-01,False,,,False,0.0,,False,
112-9856151-3757802,2021-06-03 06:33:43+00:00,Closed,B07ZM5HWYM,Night Cat Camping Lantern for Tent Bright Portable Lightweight LED Light,1,9.99,9.61,False,Electronics & Accessories,,2021,2021-06-01,True,Item never arrived,0.0,True,103.14,2021-06-11 01:25:20.112000+00:00,False,Item not received
112-9856151-3757802,2021-06-03 06:33:43+00:00,Closed,B07YFY14VL,Night Cat Backpacking Tent for 2 Persons Lightweight Waterproof Camping Tent for Hiking Mountaineering for Adults Kids Scouts Easy Setup Double Layers 2.2x1.3m,1,79.99,76.98,False,Outdoors & Sporting,,2021,2021-06-01,True,Item never arrived,0.0,True,103.14,2021-06-11 01:25:20.112000+00:00,False,Item not received
112-9856151-3757802,2021-06-03 06:33:43+00:00,Closed,B07MQJPVWD,"Trekology Ultralight Inflatable Camping Travel Pillow - ALUFT 2.0 Compressible, Compact, Comfortable, Ergonomic Inflating Pillows for Neck & Lumbar Support While Camp, Hiking, Backpacking",1,16.99,16.55,False,Home & Kitchen,,2021,2021-06-01,True,Item never arrived,0.0,True,103.14,2021-06-11 01:25:20.112000+00:00,False,Item not received
113-1164612-6420235,2018-07-15 04:14:33+00:00,Closed,B000I6537G,Birkenstock Arizona Women's Black Birko-Flor Sandal 37/Women's US Size 6-6.5,1,99.95,108.2,False,Clothing & Shoes,,2018,2018-07-01,True,Too large,76.95,True,76.95,2018-07-22 02:48:12.274000+00:00,True,Customer return
113-1164612-6420235,2018-07-15 04:14:33+00:00,Closed,B000I653AI,Birkenstock Unisex Arizona Black Sandals - 38 M EU / 7-7.5 B(M) US Women / 5-5.5 D(M) US Men,1,76.95,76.95,False,Clothing & Shoes,,2018,2018-07-01,True,Too large,76.95,True,76.95,2018-07-22 02:48:12.274000+00:00,True,Customer return
104-8122026-9769052,2017-01-11 02:11:47+00:00,Closed,B000G0KJG4,Nordic Ware Natural Aluminum Commercial Baker's Half Sheet,1,10.24,11.08,False,Home & Kitchen,,2017,2017-01-01,False,,,False,0.0,,False,
104-8122026-9769052,2017-01-11 02:11:47+00:00,Closed,B00OY91N90,"Top Rated Bellemain Cooling Rack - Baking Rack , Chef Quality 12 inch x 17 inch - Tight-Grid Design, Oven Safe, Fits Half Sheet Cookie Pan",1,10.95,10.95,False,Home & Kitchen,,2017,2017-01-01,False,,,False,0.0,,False,
112-2828509-5937849,2026-03-31 21:49:34+00:00,Closed,B0D8N1CX1N,"Cole Haan Women's Lana Lux Penny Loafers Remastered, Black Leather, 6.5-B US",1,147.52,159.69,False,Clothing & Shoes,,2026,2026-03-01,False,,,False,0.0,,False,
113-1175114-4381064,2020-04-06 00:39:14+00:00,Closed,B084G8H4TX,New York Puzzle Company - New Yorker Ghouls Rush in - 1000 Piece Jigsaw Puzzle,1,19.91,27.49,False,Toys & Games,,2020,2020-04-01,False,,,False,0.0,,False,
102-3497550-7553805,2012-03-25 22:49:16+00:00,Closed,0801474345,"The Caregiver: A Life With Alzheimer's, with new material (The Culture and Politics of Health Care Work)",1,15.71,15.71,False,Books & Media,,2012,2012-03-01,False,,,False,0.0,,False,
112-6851157-1712233,2021-06-03 06:33:43+00:00,Closed,B07YBWM448,"Osprey Packs Fairview 40 Women's Travel Backpack, Black, Small/Medium",1,159.95,173.15,False,Outdoors & Sporting,,2021,2021-06-01,False,,,False,0.0,,False,
114-4459248-3945056,2023-06-27 22:14:39+00:00,Closed,B08TCJTTQY,Naturejam NO MELT Sweet Snow Sugar 1 Pound Bulk Bag for Doughnuts and Pastries-White Sugar For Powdered Donuts Origin: Germany,1,14.95,14.95,False,Food & Snacks,,2023,2023-06-01,False,,,False,0.0,,False,
104-8806367-9850626,2016-04-14 02:28:40+00:00,Closed,B00GRFHXVQ,Lavatools Javelin Digital Instant Read Food and Meat Thermometer (Chipotle),1,24.99,24.99,False,Home & Kitchen,,2016,2016-04-01,False,,,False,0.0,,False,
104-2530429-1267427,2016-11-29 06:31:31+00:00,Closed,B005YR0F40,"Bonavita BV382510V Electric Kettle, Gooseneck Variable Temperature, 1.0L",1,57.37,62.1,False,Home & Kitchen,,2016,2016-11-01,False,,,False,0.0,,False,
106-2972071-2444262,2013-06-11 17:43:38+00:00,Closed,0205585841,"Created Equal: A History of the United States, Volume 2 (from 1865) (3rd Edition)",1,27.16,33.39,False,Books & Media,,2013,2013-06-01,False,,,False,0.0,,False,
112-8355973-6756238,2025-03-26 20:01:34+00:00,Closed,B0869D5PZP,Intex Dura-Beam Deluxe Comfort-Plush Elevated Air Mattress: Fiber-Tech - Queen Size - Built-in Electric Pump - 18in Bed Height - 600lb Weight Capacity,1,44.79,48.49,False,Home & Kitchen,,2025,2025-03-01,False,,,False,0.0,,False,
112-6073841-5479420,2025-05-21 19:15:44+00:00,Closed,B0D8T9228S,"VICSEED 2025 Upgrade for MagSafe Car Mount [Strongest Dashboard Adhesive & 25N Magnetic] Cell Phone Holders for Your Car, 360° Adjustable Phone Holder Mount for All Smartphones & Vehicles",1,23.99,25.97,False,Electronics & Accessories,,2025,2025-05-01,True,No longer needed/wanted,25.97,True,25.97,2025-05-25 03:35:41.187000+00:00,True,Customer return
112-5738474-0484265,2023-09-05 22:21:36+00:00,Closed,B0BYSRKFRT,FQA Formal Evening Dresses for Women Elegant Dresses for Women Evening Party Floor Length Navy Blue Prom Dress Long Sexy V Neck Sleeveless Split Wrap,1,55.87,60.48,False,Clothing & Shoes,,2023,2023-09-01,True,No longer needed/wanted; Style not as expected,1536.6599999999999,True,170.74,2023-09-15 01:48:36.151000+00:00,True,Customer return
114-8760948-0199463,2013-12-19 00:23:38+00:00,Closed,B009F1CXI2,Toshiba Canvio 500 GB Slim Portable External Hard Drive - Silver (HDTD105XS3D1),1,54.99,54.99,False,Electronics & Accessories,,2013,2013-12-01,False,,,False,0.0,,False,
112-1880741-9733844,2025-05-18 14:44:14+00:00,Closed,B07YRKDF4P,"LISEN Magnetic Phone Holder for Car - Upgraded Clip Ultra 6 Strong Magnets, Car Phone Holder Case Friendly,Soporte de Telefono para carro for Galaxy S25 Ultra 4-6.7 inch Smartphones (Black)",1,9.99,10.81,False,Electronics & Accessories,,2025,2025-05-01,False,,,True,36.66,2025-05-22 04:26:39.005000+00:00,False,Item not received
112-1880741-9733844,2025-05-18 14:44:14+00:00,Closed,B09NPCPTLS,"Nulo Freestyle Cat & Kitten Wet Pate Canned Cat Food,Premium All Natural Grain-Free, with 5 High Animal-Based Proteins and Vitamins to Support a Healthy Immune System and Lifestyle 2.8 oz (Pack of 12)",1,23.88,25.85,False,Pet Supplies,,2025,2025-05-01,False,,,True,36.66,2025-05-22 04:26:39.005000+00:00,False,Item not received
114-6313091-8041006,2022-06-07 19:43:30+00:00,Closed,B01N17U9EG,"The Hat Depot Kids Washed Low Profile Cotton and Denim Plain Baseball Cap Hat (2-5 yrs, Olive)",1,10.99,11.9,False,Clothing & Shoes,,2022,2022-06-01,True,Too small,11.9,True,11.9,2022-06-14 01:01:46.466000+00:00,True,Customer return
113-5089007-3813051,2024-10-07 20:46:56+00:00,Closed,B093SYJTPW,"5 Skein SMC Catania Originals, Honey 100% Cotton, Total 17.6 Oz Each 1.75 Oz (50g) / 137 Yrds (125m), Fine-Sport 2, No 179",1,24.88,26.93,False,Crafts & Hobby,,2024,2024-10-01,False,,,False,0.0,,False,
111-4750808-3898662,2025-08-19 22:15:50+00:00,Closed,B07KF89K5D,MARRIOTTO Genuine GE XWF Replacement Water Filter - Compatible with GE French-Door Refrigerators - 1 Pack,1,13.99,15.14,False,Home & Kitchen,,2025,2025-08-01,False,,,False,0.0,,False,
110-8861192-5128232,2013-01-22 03:46:59+00:00,Closed,1400030609,The Queen's Gambit: A Novel,1,1.98,5.97,False,Books & Media,,2013,2013-01-01,False,,,False,0.0,,False,
112-6353394-0125861,2024-04-30 15:42:32+00:00,Closed,B07FCQKZ4F,"Spindrift Sparkling Water, 4 Flavor Variety Pack, Made with Real Squeezed Fruit, 12 Fl Oz (Pack of 20)",1,21.99,16.66,False,Food & Snacks,,2024,2024-04-01,False,,,False,0.0,,False,
112-7088174-6553806,2020-04-27 04:20:56+00:00,Closed,B07X6KCHWW,Polaroid Originals Instant Color 600 Film - 40X Film Pack (4964),1,74.99,81.18,False,Electronics & Accessories,,2020,2020-04-01,False,,,False,0.0,,False,
112-4148461-8655467,2020-03-25 04:52:16+00:00,Closed,B00OCIR6C6,Silpat Perfect Cookie Baking Mat,1,22.93,24.82,False,Home & Kitchen,,2020,2020-03-01,False,,,False,0.0,,False,
111-3585248-1269805,2018-04-25 04:03:14+00:00,Closed,B01ENQ4HUK,THE HAT DEPOT 300N Washed Cotton Low Profile Baseball Cap (Beige),1,8.99,8.99,False,Clothing & Shoes,,2018,2018-04-01,True,Different from website description; Too large,399.71999999999997,True,33.31,2018-05-01 01:35:32+00:00,True,Customer return
102-2922048-8035423,2012-02-09 17:49:52+00:00,Closed,0375760105,Moll Flanders (Modern Library Classics),1,9.95,9.95,False,Books & Media,,2012,2012-02-01,False,,,False,0.0,,False,
112-8532714-1845858,2023-11-07 22:16:03+00:00,Closed,B07Y48TT8L,"Patagonia Unisex's Ultralight Black Hole Mini Hip Pack Backpack, Multicoloured, One Size",1,40.0,43.3,False,Outdoors & Sporting,,2023,2023-11-01,True,Didn't like fabric,43.3,True,43.3,2023-11-15 00:16:58.826000+00:00,True,Customer return
108-1839494-0390627,2016-02-18 21:11:07+00:00,Closed,0996275460,"Adult Coloring Books: A Coloring Book for Adults Featuring Mandalas and Henna Inspired Flowers, Animals, and Paisley Patterns",1,6.9,7.47,False,Books & Media,,2016,2016-02-01,False,,,False,0.0,,False,
112-7544573-5391429,2023-11-27 03:03:30+00:00,Closed,B014SAB948,"COSRX Acne Pimple Patch (96 Count) Absorbing Hydrocolloid Spot Treatment Fast Healing, Blemish Cover, Three Sizes",1,10.8,11.69,False,Health & Beauty,,2023,2023-11-01,False,,,False,0.0,,False,
112-7544573-5391429,2023-11-27 03:03:30+00:00,Closed,B09NMXWC1T,"Amazon Kindle Case (11th Generation), Thin and Lightweight, Foldable Protective Cover - Fabric",1,25.99,28.13,False,Electronics & Accessories,,2023,2023-11-01,False,,,False,0.0,,False,
112-7544573-5391429,2023-11-27 03:03:30+00:00,Closed,B07NXXKKPP,"Cooks Standard Saute Pan Nonstick, Frying Pan 8-Inch Durable Heavy Duty Professional Aluminum Non-Stick Skillet Pan",1,22.37,24.22,False,Home & Kitchen,,2023,2023-11-01,False,,,False,0.0,,False,
113-7793849-4606629,2020-11-02 23:36:07+00:00,Closed,0393081087,The Food Lab: Better Home Cooking Through Science,1,20.92,22.65,False,Books & Media,,2020,2020-11-01,False,,,False,0.0,,False,
106-7617821-8373024,2014-02-08 03:42:11+00:00,Closed,0143118056,Reading in the Brain: The New Science of How We Read,1,14.56,15.76,False,Books & Media,,2014,2014-02-01,False,,,False,0.0,,False,
104-1390450-8783465,2016-04-04 03:14:44+00:00,Closed,B0001BMYGQ,"Bormioli Rocco Fido Clear Jar, 33-3/4-Ounce",1,8.04,3.29,False,Home & Kitchen,,2016,2016-04-01,False,,,False,0.0,,False,
114-8347230-2350614,2024-09-15 22:01:39+00:00,Closed,B00151WA06,"Microplane Premium Classic Series Zester Grater, 18/8, Black - Lemon Zester & Cheese Grater & Vegetable Grater - Citrus, Parmesan Cheese, Garlic, Ginger, Nutmeg, Chocolate - Stainless Steel Grater",1,17.95,19.43,False,Home & Kitchen,,2024,2024-09-01,False,,,False,0.0,,False,
114-1662361-0327413,2024-09-15 22:01:39+00:00,Closed,B091FXQQMQ,"Kasa Smart Plug Ultra Mini 15A, Smart Home Wi-Fi Outlet Works with Alexa, Google Home & IFTTT, No Hub Required, UL Certified, 2.4G WiFi Only, 2 Count (Pack of 1)(EP10P2) , White",1,12.99,14.06,False,Electronics & Accessories,,2024,2024-09-01,False,,,False,0.0,,False,
112-7417490-4649058,2024-03-24 21:30:32+00:00,Closed,B08Q3VZX9X,"LEVOIT Core 300 Air Purifier Replacement Filter, 3-In-1 Filter, Efficiency Activated Carbon, Core300-RF, 2 Pack, White",1,54.99,59.53,False,Home & Kitchen,,2024,2024-03-01,False,,,False,0.0,,False,
112-0127297-2813031,2021-04-21 22:00:24+00:00,Closed,B077TGBVBV,"The Hat Depot Kids Washed Low Profile Cotton and Denim Plain Baseball Cap Hat (6-9yrs, Black)",1,10.99,11.9,False,Clothing & Shoes,,2021,2021-04-01,True,Too large,11.9,True,11.9,2021-04-27 22:12:11.896000+00:00,True,Item not satisfactory
113-3009280-7777028,2018-09-18 04:29:21+00:00,Closed,B07CG9GPN9,"Unisex Vintage Washed Distressed Baseball Cap Twill Adjustable Dad Hat,B-khaki,One Size",1,12.99,11.47,False,Clothing & Shoes,,2018,2018-09-01,True,No longer needed/wanted; Too large,737.0400000000001,True,122.84,2018-10-05 00:27:06.409000+00:00,True,Customer return
113-3009280-7777028,2018-09-18 04:29:21+00:00,Closed,B07B9S59MN,Unisex Vintage Washed Distressed Baseball-Cap Twill Adjustable Dad-Hat (A-yellow),1,12.99,11.47,False,Clothing & Shoes,,2018,2018-09-01,True,No longer needed/wanted; Too large,737.0400000000001,True,122.84,2018-10-05 00:27:06.409000+00:00,True,Customer return
112-8718102-9778605,2020-03-31 02:37:41+00:00,Closed,B071DQM9DD,"Eureka Ergonomic Tilt Adjustable Footrest with Massage Surface Under Desk, Black & Gray",1,29.99,32.46,False,Home & Kitchen,,2020,2020-03-01,False,,,False,0.0,,False,
112-3824950-7358629,2020-04-22 21:14:32+00:00,Closed,B015ZLBNAY,3 X Kalita: Wave Series Wave Filter 185 (2-4 Persons) White. 300 Pieces (Japan Import),1,25.22,27.3,False,Home & Kitchen,,2020,2020-04-01,False,,,False,0.0,,False,
112-3108356-1033847,2025-10-26 06:07:10+00:00,Closed,B0D876RX5K,"Sweeby Baby Playpen, 59x59 Inch Gate Foldable for Babies and Toddlers, Extra Large With Door Play Yard for Fence Indoor and Outdoor, Gray",1,179.99,194.84,False,Baby & Kids,,2025,2025-10-01,True,No longer needed/wanted,21.64,True,21.64,2026-01-20 03:51:53.581000+00:00,True,Customer return
114-3466097-0609053,2017-07-06 03:56:15+00:00,Closed,B007TYL5HM,Drivers Taillight Tail Lamp with Bulb Type Lens Replacement for Mazda BBM4-51-160F,1,54.83,59.35,False,Home & Kitchen,,2017,2017-07-01,False,,,False,0.0,,False,
111-4102163-2543432,2022-08-08 18:27:54+00:00,Closed,B08Q3VZX9X,"LEVOIT Air Purifier Replacement Filter, 3-in-1 True HEPA, High-Efficiency Activated Carbon, Core 300-RF, 2 Pack, White",1,54.99,59.53,False,Home & Kitchen,,2022,2022-08-01,False,,,False,0.0,,False,
112-1515135-4812227,2024-06-21 17:02:32+00:00,Closed,B06X15H5RH,"Nulo Freestyle Cat & Kitten Wet Pate Canned Cat Food, Premium All Natural Grain-Free, with 5 High Animal-Based Proteins and Vitamins to Support a Healthy Immune System and Lifestyle",1,41.42,42.6,False,Pet Supplies,,2024,2024-06-01,False,,,False,0.0,,False,
104-5854427-0310638,2017-01-01 08:37:42+00:00,Closed,B000X1AM0Y,Kalita Wave Dripper 185 3-4 people for # 05033 (japan import),1,26.88,26.88,False,Home & Kitchen,,2017,2017-01-01,False,,,False,0.0,,False,
113-5583801-6910658,2018-09-03 00:07:22+00:00,Closed,B000I6537G,Birkenstock Arizona Women's Black Birko-Flor Sandal 37 / Women's US Size 6-6.5,1,99.95,99.95,False,Clothing & Shoes,,2018,2018-09-01,True,Different from what was ordered,99.95,True,99.95,2018-09-18 02:02:38.855000+00:00,True,Customer return
114-5625806-1637808,2019-07-01 04:32:39+00:00,Closed,B00JJFNT0A,Innisfree Green Tea Balancing Lotion,1,13.67,13.67,False,Health & Beauty,,2019,2019-07-01,False,,,False,0.0,,False,
112-8987694-6785830,2026-03-31 23:06:46+00:00,Closed,B07L4WYQDM,Pyrex 8212-VPC 3-Quart Rectangular Vented Replacement Turquoise Lid (Length: 11.75in X Width: 9.25in X Height: 1.5in) THIS LID IS FOR A VINTAGE DISCONTINUED DISH - Made in the USA,1,12.99,14.06,False,Home & Kitchen,,2026,2026-03-01,True,Defective/Does not work properly,14.06,True,14.06,2026-04-03 04:38:34.323000+00:00,True,Customer return
111-2860326-9777055,2025-09-14 21:24:15+00:00,Closed,B00B697OHQ,Bell SELF Sealing Tube 26 x 1.75-2.25-Inch (7064251),1,5.96,6.45,False,Outdoors & Sporting,,2025,2025-09-01,False,,,False,0.0,,False,
112-3721977-0619427,2022-08-28 08:04:47+00:00,Closed,B000052XC0,"Refresh P.M. Lubricant Eye Ointment, Nighttime Relief, Preservative-Free, 0.12 Oz Sterile, Packaging May Vary",2,11.36,21.02,False,Health & Beauty,,2022,2022-08-01,False,,,False,0.0,,False,
113-1598788-6220201,2020-07-20 15:24:21+00:00,Closed,B083KVM9VW,"Samsung Galaxy Buds+ Plus, True Wireless Earbuds w/improved battery and call quality (Wireless Charging Case included), Black - US Version, SM-R175NZKAXAR",1,149.0,161.29,False,Electronics & Accessories,,2020,2020-07-01,False,,,False,0.0,,False,
112-8667357-7261003,2022-12-31 13:59:49+00:00,Closed,B0B9ZNF7P1,"Tillak Wallowa Kodra Hat, Lightweight Oxford Nylon 5 Panel Cap with Snap Closure (Black)",1,29.95,32.42,False,Clothing & Shoes,,2022,2022-12-01,True,No longer needed/wanted; Too large,1076.88,True,89.74000000000001,2023-01-09 10:12:45.014000+00:00,True,Customer return
112-8667357-7261003,2022-12-31 13:59:49+00:00,Closed,B0BB14W5J8,"Tillak Wallowa Kodra Hat, Lightweight Oxford Nylon 5 Panel Cap with Snap Closure (Russet Brown)",1,29.95,32.42,False,Clothing & Shoes,,2022,2022-12-01,True,No longer needed/wanted; Too large,1076.88,True,89.74000000000001,2023-01-09 10:12:45.014000+00:00,True,Customer return
112-3726631-6207401,2023-12-08 19:39:32+00:00,Closed,B0C2HHMFJQ,"Bonsai Tree kit -NIFSEL Bonsai Growing Kit - Complete Starter kit, 5 Types of Trees - Culture Medium, Plant Marker, Burlap Pots - Indoor Garden Gardening - Unique Garden Gift, Housewarming Present",1,14.98,16.52,False,Outdoors & Sporting,,2023,2023-12-01,False,,,False,0.0,,False,
112-7818078-6777868,2022-06-19 04:48:10+00:00,Closed,B0018LGZ04,"Speakman, Polished Chrome S-2005-HB Hotel Anystream High Pressure Shower Head-2.5 GPM Adjustable Replacement Bathroom Showerhead",1,29.9,21.54,False,Home & Kitchen,,2022,2022-06-01,False,,,False,0.0,,False,
111-7762072-5018630,2022-07-13 18:35:38+00:00,Closed,B07BZ3PYZJ,"Takeya Actives Straw Lid for Insulated Water Bottle, Wide Mouth, Onyx",1,7.49,8.11,False,Home & Kitchen,,2022,2022-07-01,False,,,False,0.0,,False,
113-9131081-1904205,2020-06-15 23:38:09+00:00,Closed,B06XHFM5HS,"Travelon Floating Waterproof Smart Phone/Digital Camera Pouch, Orange",1,9.45,10.23,False,Electronics & Accessories,,2020,2020-06-01,False,,,False,0.0,,False,
112-0314100-1757823,2019-12-30 07:46:35+00:00,Closed,B07S5BFQ54,"Metal Push Pin Magnets, 20pcs Magnetic Pins Brushed Nickel Fridge Magnets, Office Magnets, Whiteboard Magnets, Map Magnets,Dry Erase Board Magnets,Refrigerator Magnets",1,14.99,16.23,False,Office & Supplies,,2019,2019-12-01,False,,,False,0.0,,False,
112-0314100-1757823,2019-12-30 07:46:35+00:00,Closed,B01DDNB0K4,Paladone Super Mario Bros. Fridge Magnets - Features 80 Magnetic Characters and Icons,1,8.93,9.67,False,Other,,2019,2019-12-01,False,,,False,0.0,,False,
112-0314100-1757823,2019-12-30 07:46:35+00:00,Closed,B075H4WWP1,Polaroid Originals Color Film for 600 (4670),1,18.97,20.54,False,Electronics & Accessories,,2019,2019-12-01,False,,,False,0.0,,False,
112-1930170-2714606,2021-05-14 21:09:36+00:00,Closed,B08T6BQ98F,"54mm Coffee Stainless Filter Basket, Two Cup-Single Wall, Non-pressure Filter Accessories Compatible with Breville 54mm Portafilter, Fit Breville Barista Express/Pro/Touch, Infuser, Duo-Temp Pro",1,9.59,10.38,False,Home & Kitchen,,2021,2021-05-01,False,,,False,0.0,,False,
112-3108356-1033847,2025-10-26 06:07:10+00:00,Closed,B0BNJY82ZV,"Boudreaux's Butt Paste Max Strength Diaper Rash Cream for Baby, Ointment With Zinc Oxide, 4 oz Tubes, 3 Pack",1,18.81,18.81,False,Baby & Kids,,2025,2025-10-01,True,No longer needed/wanted,21.64,True,21.64,2026-01-20 03:51:53.581000+00:00,True,Customer return
112-3108356-1033847,2025-10-26 06:07:10+00:00,Closed,B0B5Z89FZW,"Yoofoss Waterproof Crib Mattress Protector 2 Pack, Quilted Crib Mattress Pad Cover Ultra Soft and Breathable, Machine Washable Toddler Mattress Protector for Standard Baby Crib Size 52''x28''",1,19.99,21.64,False,Baby & Kids,,2025,2025-10-01,True,No longer needed/wanted,21.64,True,21.64,2026-01-20 03:51:53.581000+00:00,True,Customer return
112-2602377-5029045,2022-11-26 20:33:12+00:00,Closed,B015JTJNQI,"Rain-X 5079275-2 Latitude 2-In-1 Water Repellent Wiper Blades, 18 Inch Windshield Wipers (Pack Of 1), Automotive Replacement Windshield Wiper Blades With Patented Rain-X Water Repellency Formula",1,16.57,17.94,False,Home & Kitchen,,2022,2022-11-01,False,,,False,0.0,,False,
114-9238918-1455452,2022-06-15 16:27:00+00:00,Closed,B06XZT8KZ1,Kryptonite Evolution 13mm U-Lock with FlexFrame-U Bracket,1,77.95,84.38,False,Outdoors & Sporting,,2022,2022-06-01,False,,,False,0.0,,False,
113-7994257-8080241,2014-12-22 20:41:18+00:00,Closed,B00DD62ZB0,"iPhone 5S Case, Spigen Slim Armor S Case for iPhone 5/5S - Retail Packaging - Satin Silver (SGP10476)",1,24.99,27.05,False,Electronics & Accessories,,2014,2014-12-01,False,,,False,0.0,,False,
112-5691386-5589022,2024-06-07 00:45:11+00:00,Closed,B092Q1V653,"MONDAY HAIRCARE Smooth Conditioner 12oz for Frizzy, Coarse, and Curly Hair, Made from Coconut Oil, Shea Butter, & Vitamin E, 100% Recyclable Bottles (350ml), Pink (10433)",1,6.97,7.55,False,Health & Beauty,,2024,2024-06-01,False,,,False,0.0,,False,
112-5691386-5589022,2024-06-07 00:45:11+00:00,Closed,B019M576XW,Eargasm High Fidelity Earplugs for Concerts Musicians Motorcycles Noise Sensitivity Conditions and More (Premium Gift Box Packaging) (Blue),1,39.95,43.25,False,Electronics & Accessories,,2024,2024-06-01,False,,,False,0.0,,False,
114-1743007-5245822,2023-12-01 06:45:55+00:00,Closed,B01LEJ5MSK,"COSRX Snail Mucin 92% Moisturizer 3.52oz/ 100g, Daily Repair Face Gel Cream for Dry, Sensitive Skin, Not Tested on Animals, No Parabens, No Sulfates, No Phthalates, Korean Skincare",1,27.06,29.29,False,Health & Beauty,,2023,2023-12-01,False,,,False,0.0,,False,
113-9625472-5637802,2024-09-25 16:04:25+00:00,Closed,B0C59C39PV,"Owala FreeSip Insulated Stainless Steel Water Bottle with Straw for Sports and Travel, BPA-Free, 24oz, Foggy Tide",1,26.49,28.68,False,Home & Kitchen,,2024,2024-09-01,False,,,False,0.0,,False,
112-9373094-4290635,2025-12-19 17:36:40+00:00,Closed,B0DYJQWL5Y,"Plant Stand Indoor with Grow Light, 7-Tiered Tall Plant Stand Indoor, Metal Plant Shelf with Bookshelf Bookcase and Adjustable Light, Ideal for Living Room, Reading room, Garden, Patio (Brown)",1,59.99,64.94,False,Home & Kitchen,,2025,2025-12-01,False,,,False,0.0,,False,
112-2602377-5029045,2022-11-26 20:33:12+00:00,Closed,B016NA9WN6,"Rain-X 5079280-2 Latitude 2-In-1 Water Repellent Wiper Blades, 24 Inch Windshield Wipers (Pack Of 1), Automotive Replacement Windshield Wiper Blades With Patented Rain-X Water Repellency Formula",1,16.57,17.94,False,Home & Kitchen,,2022,2022-11-01,False,,,False,0.0,,False,
112-5453865-7625861,2021-12-06 22:02:44+00:00,Closed,B07MZTT1BF,"Full Motion TV Wall Mount Bracket Dual Articulating Arms Swivels Tilts Rotation for Most 37-70 Inch LED, LCD, OLED Flat Curved TVs, Holds up to 132lbs, Max VESA 600x400mm by Pipishell",1,49.96,51.38,False,Electronics & Accessories,,2021,2021-12-01,False,,,False,0.0,,False,
112-9697660-9543438,2024-07-04 19:36:36+00:00,Closed,B081PGZ3KR,"PUR 30-Cup Water Filter Dispenser with 1 Genuine PUR Filter, Large 30-Cup Capacity, 2-in-1 Powerful, Faster Filtration, Lasts 2 Months or 40 Gallons, Dishwasher Safe, White/Blue (DS1800Z)",1,27.79,30.08,False,Home & Kitchen,,2024,2024-07-01,False,,,False,0.0,,False,
111-6111999-0149803,2020-10-06 22:00:11+00:00,Closed,B07VD5F83T,"Laptop Stand, Boyata Adjustable Laptop Riser with Slide-Proof Silicone and Protective Hooks, Aluminum Notebook Stand for Laptop up to 17 Inches, Laptop Holder Compatible for MacBook, Surface Laptop",1,39.99,34.63,False,Electronics & Accessories,,2020,2020-10-01,False,,,False,0.0,,False,
111-6111999-0149803,2020-10-06 22:00:11+00:00,Closed,B01MR397OH,"Dual Monitor Mount for 13-27 inch LCD LED Monitor Computer PC Screens, Ergonomic Double Arms Stand Desk Mount Bracket Tilt 90° Swivel 180° Rotate 360°, VESA Dimensions: 75x75-100x100mm",1,31.99,32.9,False,Electronics & Accessories,,2020,2020-10-01,False,,,False,0.0,,False,
113-3009280-7777028,2018-09-18 04:29:21+00:00,Closed,B07B9RHL6K,"Unisex Vintage Washed Distressed Baseball Cap Twill Adjustable Dad Hat,G-black,One Size",1,12.99,11.48,False,Clothing & Shoes,,2018,2018-09-01,True,No longer needed/wanted; Too large,737.0400000000001,True,122.84,2018-10-05 00:27:06.409000+00:00,True,Customer return
112-8861968-2148226,2024-01-16 19:07:33+00:00,Closed,B001JF0MRG,"Curel Kao Intensive Moisture Cream, 40 Gram",1,19.89,21.53,False,Health & Beauty,,2024,2024-01-01,False,,,False,0.0,,False,
112-2311317-4254602,2024-03-24 21:29:59+00:00,Closed,B06X15H5RH,"Nulo Freestyle Cat & Kitten Wet Pate Canned Cat Food, Premium All Natural Grain-Free, with 5 High Animal-Based Proteins and Vitamins to Support a Healthy Immune System and Lifestyle",1,41.88,29.47,False,Pet Supplies,,2024,2024-03-01,False,,,False,0.0,,False,
112-4402594-8276256,2019-09-01 00:43:00+00:00,Closed,B0035YEQC6,"ArtToFrames 12x24 inch Satin White Frame Picture Frame, WOMFRBW26074-12x24",1,18.1,27.05,False,Home & Kitchen,,2019,2019-09-01,False,,,False,0.0,,False,
112-0080794-6441035,2023-11-28 07:05:52+00:00,Closed,B0815CP9G5,"Brondell Bidet Toilet Seat Non-Electric Swash Ecoseat, Fits Elongated Toilets, White - Dual Nozzle System, Ambient Water Temperature - Bidet with Easy Installation",1,79.98,86.58,False,Home & Kitchen,,2023,2023-11-01,True,No longer needed/wanted,86.58,True,86.58,2024-01-09 04:51:53.570000+00:00,True,Customer return
113-4235426-6557813,2021-08-24 07:31:57+00:00,Closed,B079B55XQH,Adoboloco Hot Sauce Hamajang Hawaiian Spicy Chili Sauce - Very Hot Smoked Ghost Pepper Chili Sauce - Featured on Hot Ones!,1,10.49,10.49,False,Food & Snacks,,2021,2021-08-01,False,,,False,0.0,,False,
107-4288669-4093043,2013-03-13 01:37:47+00:00,Closed,B009IOUKAE,"Eddie Bauer Flannel Sleep Pants, Multi S Regular",1,14.99,24.88,False,Clothing & Shoes,,2013,2013-03-01,False,,,False,0.0,,False,
113-1175938-0306604,2021-05-10 19:30:50+00:00,Closed,B08HCHT174,"Baguette Pan, Fulimax French Bread Pans For Baking Pan, Nonstick 3 Slots Perforated Italian Loaf Pan Mold Long French Bread Pan",1,17.99,17.53,False,Home & Kitchen,,2021,2021-05-01,False,,,False,0.0,,False,
114-8347230-2350614,2024-09-15 22:01:39+00:00,Closed,B091JXDLDX,"TILUCK Stainless Steel Measuring Cups & Spoons Set, Cups and Spoons,Kitchen Gadgets for Cooking & Baking (Medium)",1,15.29,16.55,False,Home & Kitchen,,2024,2024-09-01,False,,,False,0.0,,False,
110-0126835-1204206,2013-01-22 03:39:42+00:00,Closed,063123442X,Personal Identity (Blackwell Readings in Philosophy),1,35.66,38.6,False,Books & Media,,2013,2013-01-01,False,,,False,0.0,,False,
110-0799642-0367420,2013-01-22 03:39:42+00:00,Closed,0915145286,"The Methods of Ethics, 7th Edition",1,11.71,15.7,False,Books & Media,,2013,2013-01-01,False,,,False,0.0,,False,
114-6629690-8661862,2019-04-06 23:06:31+00:00,Closed,B01DJ140LQ,"Travel Adapter, Worldwide All in One Universal Travel Adaptor Wall AC Power Plug Adapter Wall Charger with Dual USB Charging Ports for USA EU UK AUS Cell Phone Laptop",1,12.99,12.34,False,Electronics & Accessories,,2019,2019-04-01,False,,,False,0.0,,False,
114-6629690-8661862,2019-04-06 23:06:31+00:00,Closed,B001UE7SC8,"GE Wall Tap, 1, Extra-Wide Adapter Spaced, Easy Access Design, 3 Prong Outlet, Perfect for Travel, UL Listed, White, 58368",1,4.36,4.72,False,Electronics & Accessories,,2019,2019-04-01,False,,,False,0.0,,False,
112-9271764-2339448,2023-04-02 21:54:41+00:00,Closed,B073R2DN3B,"Lezyne Micro Floor Drive HPG Bicycle Portable Floor Pump, Road, Gravel Bike, High Pressure, ABS Flip Chuck, Presta/Schrader, Black, with Analog Gauge",1,69.75,75.5,False,Outdoors & Sporting,,2023,2023-04-01,False,,,False,0.0,,False,
112-5320838-8868225,2022-09-12 18:36:32+00:00,Closed,B0013374AM,"Fat Daddio's Anodized Aluminum Round Cake Pan, 8 x 3 Inch, Silver",2,12.69,27.48,False,Home & Kitchen,,2022,2022-09-01,False,,,False,0.0,,False,
112-4358137-6219416,2026-07-05 23:28:00+00:00,Closed,B0CJP2W8GY,UMC STAG Pack of 12 Black Premium Embroidery Thread | 100% Egyptian Cotton Premium Skeins | Cross Stitch Embroidery Floss | Oeko TEX Certified Stranded Cotton | Ideal for Arts & Crafts (Black-12),1,4.89,5.29,False,Crafts & Hobby,,2026,2026-07-01,False,,,False,0.0,,False,
114-1170171-0340204,2019-05-08 00:20:37+00:00,Closed,B0035YI2J4,"ArtToFrames 16x20 inch Satin White Frame Picture Frame, WOMFRBW26074-16x20",1,29.95,32.42,False,Home & Kitchen,,2019,2019-05-01,False,,,False,0.0,,False,
112-3125917-9373869,2025-02-18 08:18:39+00:00,Closed,B008CT12G2,"L'Oreal Paris Revitalift Triple Power Anti-Aging Eye Cream Treatment, with Pro Retinol, Hyaluronic Acid & Vitamin C to Reduce Wrinkles, De-puff and Brighten Skin, 0.5 fl. oz.",1,19.59,21.21,False,Health & Beauty,,2025,2025-02-01,False,,,False,0.0,,False,
114-1781540-7968212,2021-11-08 21:26:55+00:00,Closed,B07H2DQ7XS,"2 in 1 USB C to 3.5mm Headphone Adapter with 60W PD Fast Charging Compatible for Pixel 5 4 4XL 3 3XL 2 2XL, Galaxy Note 10/10+/S20/20+/20 Ultra/S21,iPad Pro 2018, Essential Ph-1 and More USB C Phone",1,15.39,16.66,False,Electronics & Accessories,,2021,2021-11-01,True,Refused,16.66,True,16.66,2021-11-16 00:48:08.990000+00:00,False,Refused to accept delivery
113-4563563-4322632,2022-12-07 03:07:26+00:00,Closed,B07L8MJJ9C,"HOMEYEE Women's 3/4 Sleeves Cocktail A-Line Embroidery Party Autumn Winter Wedding Guest Dress A079(4,Dark Blue-3/4 Sleeve)",1,31.99,34.63,False,Clothing & Shoes,,2022,2022-12-01,True,Unknown Reason,34.63,True,34.63,2022-12-12 23:57:54.438000+00:00,False,Shipping address is undeliverable
112-9042623-4640232,2020-05-23 07:09:53+00:00,Closed,0316013323,Consider the Lobster and Other Essays,1,12.0,12.99,False,Books & Media,,2020,2020-05-01,False,,,False,0.0,,False,
113-5089007-3813051,2024-10-07 20:46:56+00:00,Closed,B0B37XCZPW,"[ Set of 2 Skeins ] SMC Catania Originals 100% Mercerized Cotton Yarn, Total 3.52 Oz. Each 1.76 Oz (50g) / 136 Yrds (125 m) Amigurumi Yarn Fine-Sport 2 (383 Zimt)",1,9.95,10.77,False,Crafts & Hobby,,2024,2024-10-01,False,,,False,0.0,,False,
113-1550514-1014658,2024-10-07 20:46:56+00:00,Closed,B09Q26YR82,"[ Set of 2 Skeins ] SMC Catania Originals 100% Mercerized Cotton Yarn, Total 3.52 Oz. Each 1.76 Oz (50g) / 136 Yrds (125 m) Amigurumi Yarn Fine-Sport 2 (130 Cream)",1,9.49,10.27,False,Crafts & Hobby,,2024,2024-10-01,False,,,False,0.0,,False,
112-8667357-7261003,2022-12-31 13:59:49+00:00,Closed,B096FJ2P3F,Topo Designs Nylon Camp Hat - Dark Terra (F21),1,23.0,24.9,False,Clothing & Shoes,,2022,2022-12-01,True,No longer needed/wanted; Too large,1076.88,True,89.74000000000001,2023-01-09 10:12:45.014000+00:00,True,Customer return
102-1843970-8628261,2012-02-17 03:02:05+00:00,Closed,1566636124,100 Essential Modern Poems,1,13.46,13.46,False,Books & Media,,2012,2012-02-01,False,,,False,0.0,,False,
112-8118731-3379466,2025-03-03 20:23:53+00:00,Closed,B0CBN7SM2R,"PETLIBRO Cat Water Fountain, App Monitoring Pet Fountains for Cats Indoor with Stainless Steel Tray, 2.5L/84oz Dockstream Automatic Water Dispenser for Drinking, 2.4G Wi-Fi Smart Bowl Inside",1,79.99,69.27,False,Pet Supplies,,2025,2025-03-01,False,,,False,0.0,,False,
112-7322360-6546615,2019-10-29 00:26:20+00:00,Closed,B013ADVPZC,Breadtopia Diastatic Barley Malt Powder - Organic,1,8.95,8.95,False,Food & Snacks,,2019,2019-10-01,False,,,False,0.0,,False,
112-4390891-6357803,2022-11-25 20:12:31+00:00,Closed,B09DTDRJWP,"Dell S2722QC 27-inch 4K USB-C Monitor - UHD (3840 x 2160) Display, 60Hz Refresh Rate, 8MS Grey-to-Grey Response Time (Normal Mode), Built-in Dual 3W Speakers, 1.07 Billion Colors - Platinum Silver",1,284.99,308.5,False,Electronics & Accessories,,2022,2022-11-01,False,,,False,0.0,,False,
112-0641786-7361850,2025-04-19 22:37:35+00:00,Closed,B0DFMXTKL5,Peanuts Snoopy in Space Round Metal Sign - Fun Astronaut Snoopy Wall Decor for Kids' Bedroom or Play Room,1,17.99,19.47,False,Home & Kitchen,,2025,2025-04-01,False,,,False,0.0,,False,
112-0641786-7361850,2025-04-19 22:37:35+00:00,Closed,B0DCC9MTMQ,Peanuts Snoopy and Woodstock Winter Attire Metal Sign - Adorable Snoopy Decoration for Winter and Christmas Home Decor,1,22.99,24.89,False,Home & Kitchen,,2025,2025-04-01,False,,,False,0.0,,False,
111-2344140-6594613,2025-10-22 19:22:56+00:00,Closed,B0CHR85T9F,"Horse Station Building Model Kit, Game Scene Hyrule Horse Head Station Yurt Tent Rooftop Building Toy, Game Scene Collectible Gifts Construction Toys for Adults or Fans (1764 PCS)",1,69.98,71.96,False,Outdoors & Sporting,,2025,2025-10-01,False,,,False,0.0,,False,
111-2344140-6594613,2025-10-22 19:22:56+00:00,Closed,B0CGDC12FQ,"Koroks Building Set, 5 Characters Building Block Sets for BOTW Fans, Cute Game Merch Action Figures, Great Toys Gifts for Fans Kids Adults",1,29.99,29.22,False,Toys & Games,,2025,2025-10-01,False,,,False,0.0,,False,
112-1246215-7774618,2022-08-10 00:53:52+00:00,Closed,B08QV1H899,"CamelBak Podium Chill Insulated Bike Water Bottle - Easy Squeeze Bottle - Fits Most Bike Cages - 24oz, Sage Perforated",1,16.99,18.39,False,Home & Kitchen,,2022,2022-08-01,False,,,False,0.0,,False,
112-1246215-7774618,2022-08-10 00:53:52+00:00,Closed,B01LA5F9X6,"CamelBak Crux 2-Liter Water Reservoir - Hydration Bladder - Faster Water Flow Rate - Leak-Proof Water Bladder - Ergonomic Shape - Big Bite Valve - BPA- - 70 Ounces, Blue",1,34.85,37.73,False,Outdoors & Sporting,,2022,2022-08-01,False,,,False,0.0,,False,
107-9513958-3453033,2016-05-28 04:03:42+00:00,Closed,B00817AVXU,Panasonic Lithium Battery CR1620,1,4.99,4.99,False,Electronics & Accessories,,2016,2016-05-01,False,,,False,0.0,,False,
112-1177962-5173023,2023-03-03 07:23:47+00:00,Closed,B0BG23RVCT,"Govee TV LED Backlight, RGBIC TV Backlight for 55-75 inch TVs, Smart LED Lights for TV with Bluetooth and Wi-Fi Control, Works with Alexa & Google Assistant, Music Sync, 99+ Scene Modes, Adapter",1,29.99,32.46,False,Electronics & Accessories,,2023,2023-03-01,False,,,False,0.0,,False,
112-1182268-4890635,2026-02-11 19:16:26+00:00,Closed,B00B2CCA6W,"Clover 3672 Amour Crochet Hook Set, 10 sizes",1,49.6,53.69,False,Crafts & Hobby,,2026,2026-02-01,False,,,False,0.0,,False,
114-3031407-5836209,2023-11-29 19:33:49+00:00,Closed,B0799CCY2Y,"Lisapack 8ML Atomizer Perfume Spray Bottle for Travel, Empty Refillable Cologne Dispenser, Portable Sprayer (Matte Black)",1,6.99,7.19,False,Health & Beauty,,2023,2023-11-01,False,,,False,0.0,,False,
114-3031407-5836209,2023-11-29 19:33:49+00:00,Closed,B08BR3949G,"KitchenAid Cordless Variable Speed Hand Blender - KHBBV53, Matte Black",1,79.99,86.59,False,Home & Kitchen,,2023,2023-11-01,False,,,False,0.0,,False,
112-3134908-7726618,2022-12-05 19:36:43+00:00,Closed,B09Z4PN7H8,Caseology Parallax [Military Grade Drop Tested] Designed for Google Pixel 7 Case (2022) - Sage Green,1,17.99,19.47,False,Electronics & Accessories,,2022,2022-12-01,True,No longer needed/wanted,38.94,True,19.47,2022-12-10 03:44:34.156000+00:00,True,Customer return
114-1099928-6877008,2024-02-23 17:14:24+00:00,Closed,B08M3SFWKB,"MINIX 66W Turbo 3-Port GaN Wall Charger 2 x USB-C Fast Charging Adapter, 1 x USB-A Quick Charge 3.0, Compatible with MacBook Pro Air, iPad Pro, iPhone 12/12 mini/11, Galaxy S9 S8 and More (NEO P1)",1,36.9,39.94,False,Electronics & Accessories,,2024,2024-02-01,True,Too large,38.96,True,38.96,2024-03-09 02:15:12.551000+00:00,True,Customer return
114-1099928-6877008,2024-02-23 17:14:24+00:00,Closed,B0BHQNMDNC,"MOMAX Universal Travel Adapter, 70W GaN International Power Adapter with UK,EU,AU,US Plugs, 3USB-C PD & 2USB-A QC Worldwide Travel Plug Adapter, International Adapter for Laptops Phones Vision Pro",1,39.99,38.96,False,Electronics & Accessories,,2024,2024-02-01,True,Too large,38.96,True,38.96,2024-03-09 02:15:12.551000+00:00,True,Customer return
114-1099928-6877008,2024-02-23 17:14:24+00:00,Closed,B098WQRGNQ,"Anker USB C Charger, 543 (65W II), PIQ 3.0 & GaN 4-Port Slim Fast Wall Charger, with Dual USB C Ports (45W Max), for MacBook, Laptops, iPad Pro, iPhone and More",1,49.99,54.11,False,Electronics & Accessories,,2024,2024-02-01,True,Too large,38.96,True,38.96,2024-03-09 02:15:12.551000+00:00,True,Customer return
112-4976893-0726627,2026-03-04 21:04:25+00:00,Closed,B091YDQL8H,"QueenVibes 40 Pieces Breast Covers Nipple Cover Pasties, Disposable Nipple Covers, Bra Pad, Self-Adhesive No Show Bra For Women (Standard 6 cm, Beige)",1,7.49,8.11,False,Clothing & Shoes,,2026,2026-03-01,False,,,False,0.0,,False,
112-4976893-0726627,2026-03-04 21:04:25+00:00,Closed,B09NPCPTLS,"Nulo Freestyle Cat & Kitten Wet Pate Canned Cat Food,Premium All Natural Grain-Free, with 5 High Animal-Based Proteins and Vitamins to Support a Healthy Immune System and Lifestyle 2.8 oz (Pack of 12)",1,23.88,25.85,False,Pet Supplies,,2026,2026-03-01,False,,,False,0.0,,False,
112-4976893-0726627,2026-03-04 21:04:25+00:00,Closed,B0CYT2JKRP,"HOMEXCEL Microfiber Cleaning Cloth 12 Pack, 12.5 x 12.5 inch Microfiber Towels for Cars, Ultra Absorbent Washing Cloth, Lint Free Streak Free Cleaning Rags for Car, Kitchen, and Window (Grey)",1,5.01,5.42,False,Home & Kitchen,,2026,2026-03-01,False,,,False,0.0,,False,
114-1832941-6727404,2018-01-02 04:11:02+00:00,Closed,B071RP398W,HOMFA Floating Shelves Wall Mounted Display Ledge Shelf with Bracket for Pictures and Frames Modern Home Decorative,1,32.99,32.99,False,Home & Kitchen,,2018,2018-01-01,False,,,False,0.0,,False,
112-8787284-1069857,2023-10-10 20:16:27+00:00,Closed,B09SWW583J,"Kindle (2022 release) - The lightest and most compact Kindle, now with a 6"" 300 ppi high-resolution display, and 2x the storage - Black",1,74.99,64.94,False,Electronics & Accessories,,2023,2023-10-01,False,,,False,0.0,,False,
111-4782385-5797053,2026-03-06 18:33:07+00:00,Closed,B00UXG4WR8,"everydrop by Whirlpool Ice and Water Refrigerator Filter 1, EDR1RXD1, Single-Pack , Purple",1,57.0,61.7,False,Home & Kitchen,,2026,2026-03-01,False,,,False,0.0,,False,
111-4782385-5797053,2026-03-06 18:33:07+00:00,Closed,B00L9WK26A,OXO Good Grips 4 Piece Stainless Steel Measuring Spoons with Magnetic Snaps,1,13.95,15.1,False,Home & Kitchen,,2026,2026-03-01,False,,,False,0.0,,False,
113-5180319-4581036,2018-07-07 07:29:37+00:00,Closed,B000I68EM2,Birkenstock Arizona Women's Dark Brown Birko-Flor Sandal 37/Women's US Size 6-6.5,1,99.9,99.9,False,Clothing & Shoes,,2018,2018-07-01,True,Ordered wrong style/size/color,99.9,True,99.9,2018-07-11 01:23:07.789000+00:00,True,Customer return
114-2018038-9520239,2021-01-04 03:28:22+00:00,Closed,B078WKC8B4,MANNKITCHEN Professional Grade Stainless Steel Spatula Perfect for Cast Iron Skillets and Flat Top Grills,1,24.99,27.05,False,Home & Kitchen,,2021,2021-01-01,False,,,False,0.0,,False,
114-4561386-9075439,2021-01-04 03:28:22+00:00,Closed,B06WV774HB,"Nulo Grain Free Canned Wet Cat Food (Turkey & Chicken, 12.5 oz, Case of 12)",1,38.28,22.8,False,Pet Supplies,,2021,2021-01-01,False,,,False,0.0,,False,
114-9708482-0342613,2019-05-17 02:34:37+00:00,Closed,B001UHN0I6,BaBylissPRO Porcelain Ceramic 2800 Dryer,1,79.99,86.59,False,Health & Beauty,,2019,2019-05-01,False,,,False,0.0,,False,
112-1290669-7707412,2021-06-16 17:08:09+00:00,Closed,B07SJPMXXG,"Nulo Adult & Kitten Grain Free Canned Wet Cat Food 3 Flavors (Turkey, Duck, & Salmon) - 12.5 oz, Case of 12",1,38.49,41.67,False,Pet Supplies,,2021,2021-06-01,False,,,False,0.0,,False,
111-8405018-6913848,2026-03-18 17:34:40+00:00,Closed,B0D8N79SCZ,"Cole Haan Women's Lana Lux Penny Loafers Remastered, Black Leather, 7-C US",1,112.0,121.24,False,Clothing & Shoes,,2026,2026-03-01,True,Too large,121.24,True,121.24,2026-04-01 01:51:11.567000+00:00,True,Customer return
112-9210272-1587404,2018-06-29 16:31:11+00:00,Closed,B01N5TYU7T,"HUGGIES LITTLE MOVERS Diapers, Size 6 (35+ lb.), 42 Ct. (Packaging May Vary), Baby Diapers for Active Babies",1,18.89,20.45,False,Baby & Kids,,2018,2018-06-01,False,,,False,0.0,,False,
112-4193094-2784212,2022-12-29 03:48:26+00:00,Closed,B08QMM8G8F,3-12mm Black Acrylic Faux Pearl Half Round Cabochons Flat Bottomed Eye Diameter 3mm 4mm 5mm 6mm 8mm 10mm 12mm for Nail Craft DIY Decoration (500Pcs),1,6.99,7.57,False,Crafts & Hobby,,2022,2022-12-01,False,,,False,0.0,,False,
112-4193094-2784212,2022-12-29 03:48:26+00:00,Closed,B07W8NG1P8,"260pcs Plastic Safety Eyes and Noses with Washers, Craft Doll Eyes, Black Safety Eyes for Amigurumi, Puppet, Plush Animal and Teddy Bear",1,6.99,7.57,False,Crafts & Hobby,,2022,2022-12-01,False,,,False,0.0,,False,
113-8623424-0232211,2024-08-02 16:54:39+00:00,Closed,B0B3ZL2RG7,"Spindrift Sparkling Water & Real Squeezed Fruit | 6 Flavors - 12 Pack | Lemon Lemonade, Grapefruit, Lime, Lemon, Strawberry Lemonade, and Pink Lemonade | Included one Niro beverage sleeve | Niro Assortment",1,26.99,29.22,False,Food & Snacks,,2024,2024-08-01,False,,,False,0.0,,False,
113-8623424-0232211,2024-08-02 16:54:39+00:00,Closed,B08Q3VZX9X,"LEVOIT Core 300 Air Purifier Replacement Filter, 3-In-1 Filter, Efficiency Activated Carbon, Core300-RF, 2 Pack, White",1,55.44,60.01,False,Home & Kitchen,,2024,2024-08-01,False,,,False,0.0,,False,
113-8623424-0232211,2024-08-02 16:54:39+00:00,Closed,B09DSY4Z2T,"Filter Replacement for Tineco A10 A11 Hero A10/A11 Master PURE ONE S11 Series, S12, X Cordless Vacuum Cleaner (3 PACK) ...",1,12.99,14.06,False,Home & Kitchen,,2024,2024-08-01,False,,,False,0.0,,False,
109-9209072-1936209,2015-12-20 22:16:50+00:00,Closed,B00HFKITJC,Dead of Winter Crossroads Game,1,43.43,43.43,False,Toys & Games,,2015,2015-12-01,False,,,True,43.43,2015-12-28 03:03:30+00:00,False,Account adjustment
112-7707901-1615422,2019-10-29 00:26:20+00:00,Closed,B06W57N49Y,"Sodium Hydroxide - Pure - Food Grade (Caustic Soda, Lye) (4 Ounce)",1,5.99,5.99,False,Home & Kitchen,,2019,2019-10-01,False,,,False,0.0,,False,
114-4176340-1946628,2019-01-25 04:14:45+00:00,Closed,B07B8TRXDB,"Jessica Simpson Women's Rolled Crop Skinny Jean, Curzon, 6/28",1,21.99,21.99,False,Clothing & Shoes,,2019,2019-01-01,True,Style not as expected,21.99,True,21.99,2019-02-02 00:26:49.584000+00:00,True,Customer return
112-7322360-6546615,2019-10-29 00:26:20+00:00,Closed,B000PS1HS6,"Mercer Culinary M23210 Millennia Wide Wavy Edge Bread Knife, 10-Inch, Black",1,18.03,19.52,False,Home & Kitchen,,2019,2019-10-01,False,,,False,0.0,,False,
112-7322360-6546615,2019-10-29 00:26:20+00:00,Closed,B01CNV40D6,"Forsun 1pcs 8.5"" Round Banneton Brotform Bread Dough Proofing Rising Rattan Basket & Liner,Banneton Proofing Basket Set - for Home Bakers (Sourdough Recipe) & Bread Making",1,9.59,10.38,False,Home & Kitchen,,2019,2019-10-01,False,,,False,0.0,,False,
114-5618994-9992201,2019-07-27 18:06:28+00:00,Closed,B01LVWQY6K,"Mama Koala One Size Baby Washable Reusable Pocket Cloth Diapers, 6 Pack with 6 One Size Microfiber Inserts (Jagger)",1,39.99,44.03,False,Baby & Kids,,2019,2019-07-01,False,,,False,0.0,,False,
114-5618994-9992201,2019-07-27 18:06:28+00:00,Closed,B06XVGLT8S,Baby bibs 8 Pack Soft and Absorbent for Boys & Girls - Baby Bandana Drool Bibs,1,14.99,16.5,False,Clothing & Shoes,,2019,2019-07-01,False,,,False,0.0,,False,
111-2023601-4687414,2025-06-27 18:06:02+00:00,Closed,B009HBKQ16,"Tramontina Professional 10-Inch Non Stick Frying Pan, Heavy-Gauge Aluminum Skillet with Reinforced Nonstick Coating, Red Handle, Dishwasher and Oven Safe",1,34.95,37.83,False,Home & Kitchen,,2025,2025-06-01,False,,,False,0.0,,False,
105-4247911-2333038,2015-12-29 17:58:14+00:00,Closed,B00HFKITJC,Dead of Winter Crossroads Game,1,42.99,35.71,False,Toys & Games,,2015,2015-12-01,False,,,False,0.0,,False,
112-0127297-2813031,2021-04-21 22:00:24+00:00,Closed,B01ENWXQM4,The Hat Depot Cotton Pigment Dyed Low Profile Six Panel Cap (Khaki Navy),1,10.99,11.9,False,Clothing & Shoes,,2021,2021-04-01,True,Too large,11.9,True,11.9,2021-04-27 22:12:11.896000+00:00,True,Item not satisfactory
112-0127297-2813031,2021-04-21 22:00:24+00:00,Closed,B077T5K9TN,"The Hat Depot Kids Washed Low Profile Cotton and Denim Plain Baseball Cap Hat (6-9yrs, Olive)",1,10.99,11.9,False,Clothing & Shoes,,2021,2021-04-01,True,Too large,11.9,True,11.9,2021-04-27 22:12:11.896000+00:00,True,Item not satisfactory
112-5827236-7069046,2021-04-12 11:31:13+00:00,Closed,B07SJPMXXG,"Nulo Adult & Kitten Grain Free Canned Wet Cat Food 3 Flavors (Turkey, Duck, & Salmon) - 12.5 oz, Case of 12",1,38.49,41.67,False,Pet Supplies,,2021,2021-04-01,False,,,False,0.0,,False,
113-5680977-0820233,2021-06-09 20:06:49+00:00,Closed,B07YFY14VL,Night Cat Backpacking Tent for 2 Persons Lightweight Waterproof Camping Tent for Hiking Mountaineering for Adults Kids Scouts Easy Setup Double Layers 2.2x1.3m,1,79.99,86.59,False,Outdoors & Sporting,,2021,2021-06-01,False,,,False,0.0,,False,
112-8667357-7261003,2022-12-31 13:59:49+00:00,Closed,B07Q8DST7D,CLAPE Short Brim Baseball Cap Quick Drying 5 Panel Sun Hat Cap,1,16.99,18.39,False,Clothing & Shoes,,2022,2022-12-01,True,No longer needed/wanted; Too large,1076.88,True,89.74000000000001,2023-01-09 10:12:45.014000+00:00,True,Customer return
114-5884678-7792220,2019-06-19 03:33:12+00:00,Closed,B071FVB7LQ,"Reebok Women's Club C 85 NBK Sneaker, Opal/White, 7 M US",1,44.99,48.7,False,Clothing & Shoes,,2019,2019-06-01,True,Style not as expected,48.7,True,48.7,2019-06-28 23:49:04.055000+00:00,True,Customer return
114-0669308-8230635,2018-11-18 22:05:51+00:00,Closed,B0789T8P88,Spigen Liquid Air Armor Galaxy S9 Case with Light but Durable Flexible Protection with Geometric Pattern for Samsung Galaxy S9 (2018) - Matte Black,1,11.99,12.98,False,Electronics & Accessories,,2018,2018-11-01,True,No longer needed/wanted,12.98,True,12.98,2018-12-06 22:22:43.852000+00:00,True,Customer return
105-9754149-6745802,2015-06-05 05:41:08+00:00,Closed,B00FV35DNK,Mustache Mule Mug for Moscow Mules - 100% pure copper,1,18.95,18.95,False,Home & Kitchen,,2015,2015-06-01,False,,,False,0.0,,False,
114-1832941-6727404,2018-01-02 04:11:02+00:00,Closed,B000JPSI8C,OXO Good Grips Silicone Basting & Pastry Brush - Small,1,7.99,8.65,False,Home & Kitchen,,2018,2018-01-01,False,,,False,0.0,,False,
111-9577795-8692264,2018-01-01 20:34:55+00:00,Closed,B01LTHP2ZK,Nintendo Switch - Gray Joy-Con,1,299.99,324.74,False,Toys & Games,,2018,2018-01-01,False,,,False,0.0,,False,
112-9259464-2624219,2023-02-19 18:43:51+00:00,Closed,B09C5PWJXL,Normcore V4 Coffee Tamper 53.3mm - Spring-loaded Tamper - Barista Espresso Tamper with 15lb / 25lb / 30lbs Replacement Springs - Anodized Aluminum Handle and Stand - Flat Base,1,43.99,47.62,False,Home & Kitchen,,2023,2023-02-01,False,,,False,0.0,,False,
112-3957017-5760249,2023-11-14 19:16:31+00:00,Closed,B07LFP8G31,"Magnetic Poster Hanger Frame, 33x24 33x23 33x47 Light Wood Wooden Magnet Canvas Artwork Print Dowel Poster Hangers Frames Hanging Kit (Walnut, 33"")",1,28.49,30.84,False,Home & Kitchen,,2023,2023-11-01,False,,,False,0.0,,False,
113-7959234-4851449,2020-07-09 07:47:32+00:00,Closed,B078NJ9MTD,adidas SUCIU ADV Black Size 6,1,80.0,123.36,False,Clothing & Shoes,,2020,2020-07-01,False,,,False,0.0,,False,
113-2742768-0118602,2015-01-07 07:24:22+00:00,Closed,B001731R6A,Kala MK-T Makala Tenor Ukulele,1,72.99,72.99,False,Other,,2015,2015-01-01,False,,,False,0.0,,False,
110-4091443-9758656,2013-02-05 03:42:16+00:00,Closed,1451626657,Catch-22: 50th Anniversary Edition,1,10.88,16.1,False,Books & Media,,2013,2013-02-01,False,,,False,0.0,,False,
111-0721262-7563462,2022-07-13 22:59:04+00:00,Closed,B071K1DMPX,"Takeya Actives Insulated Stainless Water Bottle with Insulated Spout Lid, 24oz, Midnight",1,22.99,18.27,False,Home & Kitchen,,2022,2022-07-01,False,,,False,0.0,,False,
106-3776494-5251439,2013-08-26 20:53:53+00:00,Closed,0521717736,Ethics and Animals: An Introduction (Cambridge Applied Ethics),1,19.28,20.87,False,Books & Media,,2013,2013-08-01,False,,,False,0.0,,False,
111-5433513-5737842,2019-10-03 06:38:42+00:00,Closed,B00N0XP2ES,"NewFantasia Replacement Upgrade Cable for Audio Technica ATH-M50x, ATH-M40x, ATH-M70x Headphones 1.2meters/4feet",1,12.0,11.82,False,Electronics & Accessories,,2019,2019-10-01,False,,,False,0.0,,False,
112-3172259-9182600,2023-04-06 03:39:16+00:00,Closed,B0863TXGM3,"Sony WH-1000XM4 Wireless Premium Noise Canceling Overhead Headphones with Mic for Phone-Call and Alexa Voice Control, Black",1,313.0,338.82,False,Electronics & Accessories,,2023,2023-04-01,False,,,False,0.0,,False,
112-8746856-7858601,2025-01-28 22:50:23+00:00,Closed,B09LCJPZ1P,"Anker USB C to USB C Cable (6FT, 2Pack), Type C 100W Charger Cord Fast Charging for iPhone 16 Series,MacBook Pro 2020,Pixel And More(USB 2.0,Black)",1,12.99,14.06,False,Electronics & Accessories,,2025,2025-01-01,False,,,False,0.0,,False,
111-3585248-1269805,2018-04-25 04:03:14+00:00,Closed,B01NBU013E,THE HAT DEPOT 300N Washed Low Profile Cotton and Denim Baseball Cap (Charcoal),1,8.99,8.99,False,Clothing & Shoes,,2018,2018-04-01,True,Different from website description; Too large,399.71999999999997,True,33.31,2018-05-01 01:35:32+00:00,True,Customer return
111-3585248-1269805,2018-04-25 04:03:14+00:00,Closed,B01M3X93IC,"Adams 6-Panel Low-Profile Washed Pigment-Dyed Cap, Black, OS",1,15.95,15.95,False,Clothing & Shoes,,2018,2018-04-01,True,Different from website description; Too large,399.71999999999997,True,33.31,2018-05-01 01:35:32+00:00,True,Customer return
113-5115335-7419469,2024-07-26 18:23:18+00:00,Closed,B09T39762M,"WOPET 6L Automatic Cat Food Dispenser,WiFi Automatic Cat Feeder with APP Control for Remote Feeding,Automatic Dog Feeder with Low Food Sensor and Voice Recorder,Up to 15 Meals per Day",1,74.99,81.18,False,Electronics & Accessories,,2024,2024-07-01,False,,,False,0.0,,False,
112-0858120-0467446,2024-11-30 00:38:42+00:00,Closed,B0D9VMMHY1,"Sandpoy Enclosed Stainless Steel Litter Box with Lid, Cat Litter Box for Big Cats with High Sided, XL Metal Litter Box with Scoop, Litter Mat & Fish Toys, Easy Clean, Anti-Leakage, Non-Sticky",1,79.99,54.11,False,Pet Supplies,,2024,2024-11-01,True,Accidental order,54.11,True,54.11,2024-12-18 01:56:15.151000+00:00,True,Customer return
112-9934033-8571465,2017-11-26 07:37:38+00:00,Closed,B015P6ZP4E,"Clarks Women's Acre Bridge Ankle Bootie, Tan Leather, 7 M US",1,69.99,75.76,False,Clothing & Shoes,,2017,2017-11-01,True,Too small,75.76,True,75.76,2017-12-29 02:52:38+00:00,True,Customer return
112-3031649-0445042,2018-06-29 16:31:11+00:00,Closed,B079JPBFDB,"Cuties Complete Care Baby Diapers, Size 7, 20 Count",1,15.99,15.99,False,Baby & Kids,,2018,2018-06-01,False,,,False,0.0,,False,
114-5302464-3848227,2018-11-03 22:37:52+00:00,Closed,B0016H3968,"Kim Crawford Sauvignon Blanc, 750 ml",1,15.99,17.31,False,Other,,2018,2018-11-01,False,,,True,38.15,2018-11-07 02:58:09.658000+00:00,False,Item not received
114-5302464-3848227,2018-11-03 22:37:52+00:00,Closed,B00004SPEU,"KRUPS F203 Electric Spice and Coffee Grinder with Stainless Steel Blades, 3-Ounce, Black",1,15.96,17.28,False,Home & Kitchen,,2018,2018-11-01,False,,,True,38.15,2018-11-07 02:58:09.658000+00:00,False,Item not received
114-5302464-3848227,2018-11-03 22:37:52+00:00,Closed,B000S5S1DK,"Mrs. Meyer´s Clean Day Hand Soap, Lemon Verbena, 12.5 fl oz",1,3.29,3.56,False,Health & Beauty,,2018,2018-11-01,False,,,True,38.15,2018-11-07 02:58:09.658000+00:00,False,Item not received
114-2692668-3833055,2013-11-04 09:27:43+00:00,Closed,B005YPKLLE,Kryptonite Transit Transit FlexFrame Bracket for Bicycle U-Lock,1,14.8,16.02,False,Outdoors & Sporting,,2013,2013-11-01,False,,,False,0.0,,False,
112-3205461-4817015,2024-02-24 20:47:47+00:00,Closed,B0B51L9J11,"NASTIMA 7.2V 3700mAh Replacement Battery for DSC IMPASSAS 9057, 6PH-H-4/3A3600-S-D22, 7.2V Rechargeable Ni-MH Battery Pack for ADT Control Panel",1,32.99,33.93,False,Electronics & Accessories,,2024,2024-02-01,False,,,False,0.0,,False,
113-5596421-3641035,2021-12-06 16:28:58+00:00,Closed,B008M5U1C2,"Victorinox Fibrox Pro Chef's Knife, 8-Inch Chef's",1,37.35,40.43,False,Home & Kitchen,,2021,2021-12-01,False,,,False,0.0,,False,
112-8220386-6907459,2021-06-16 22:06:32+00:00,Closed,B00VV5KRD8,"Sawyer Products SP564 Premium Insect Repellent with 20% Picaridin, Lotion, 4-Ounce",1,8.95,9.69,False,Health & Beauty,,2021,2021-06-01,False,,,False,0.0,,False,
112-8220386-6907459,2021-06-16 22:06:32+00:00,Closed,B075VZRGZ6,"Takeya Originals Vacuum-Insulated Stainless-Steel Water Bottle, 18oz, Navy",1,16.99,18.39,False,Home & Kitchen,,2021,2021-06-01,False,,,False,0.0,,False,
113-3960619-9854629,2018-06-01 21:45:14+00:00,Closed,B015ZLBL2E,2 X Kalita:Wave Series Wave Filter 185[2-4 Persons] White.100 Pieces 22212 (Japan Parallel Import),1,21.44,21.44,False,Home & Kitchen,,2018,2018-06-01,False,,,False,0.0,,False,
114-0222661-6519425,2024-03-11 00:15:09+00:00,Closed,B09NPCPTLS,"Nulo Freestyle Cat & Kitten Wet Pate Canned Cat Food, Premium All Natural Grain-Free, with 5 High Animal-Based Proteins and Vitamins to Support a Healthy Immune System and Lifestyle",1,23.88,23.26,False,Pet Supplies,,2024,2024-03-01,False,,,False,0.0,,False,
114-0523896-3798619,2017-09-06 14:34:32+00:00,Closed,B0038TYV7I,Shakespearean Insults Coffee Mug - Shakespeare's Wittiest and Meanest Insults - Comes in a Fun Gift Box,1,14.95,16.18,False,Home & Kitchen,,2017,2017-09-01,False,,,False,0.0,,False,
114-0523896-3798619,2017-09-06 14:34:32+00:00,Closed,B01LZTBKBG,"Logitech K780 Multi-Device Wireless Keyboard for Computer, Phone and Tablet - Logitech FLOW Cross-Computer Control Compatible - Speckles",1,59.99,64.94,False,Electronics & Accessories,,2017,2017-09-01,False,,,False,0.0,,False,
113-8213559-0318668,2019-01-31 05:26:20+00:00,Closed,B008BW5SE2,"WaterHog Fashion Commercial-Grade Entrance Mat, Indoor/Outdoor Charcoal Floor Mat 3' Length x 2' Width, Charcoal by M+A Matting",1,19.52,21.13,False,Home & Kitchen,,2019,2019-01-01,False,,,False,0.0,,False,
112-1884542-0773806,2026-07-05 22:54:39+00:00,Closed,B0CLNL1GXN,Speedo Women's Swim Goggle Biofuse 2.0,1,30.4,32.91,False,Outdoors & Sporting,,2026,2026-07-01,True,No longer needed/wanted,32.91,True,32.91,2026-07-16 03:11:40.771000+00:00,True,Customer return
112-1884542-0773806,2026-07-05 22:54:39+00:00,Closed,B0DJRWGGYV,"Speedo Women's Biofuse Swim Goggle 2.0 Mirrored - Dark Teal/Cobalt/Emerald, One Size",1,33.76,36.55,False,Outdoors & Sporting,,2026,2026-07-01,True,No longer needed/wanted,32.91,True,32.91,2026-07-16 03:11:40.771000+00:00,True,Customer return
102-3497550-7553805,2012-03-25 22:49:16+00:00,Closed,1421527723,Battle Royale: The Novel,1,10.19,10.19,False,Books & Media,,2012,2012-03-01,False,,,False,0.0,,False,
111-9878912-1563463,2025-07-09 03:33:53+00:00,Closed,B09YDCCJBJ,"AESTURA ATOBARRIER365 Cream with Ceramides, Korean Face Moisturizer for Eczema, Barrier Repair | 120H lasting Hydration, Ceramide Capsules, Dry & Sensitive Skin, Non-comedogenic, 80 mL / 2.70 fl.oz.",1,25.59,27.7,False,Health & Beauty,,2025,2025-07-01,False,,,False,0.0,,False,
111-9878912-1563463,2025-07-09 03:33:53+00:00,Closed,B0B45LL4DD,"Beauty of Joseon Revive Eye Serum with Retinal Niacinamide Correction for Puffy Eye Bags Fine Lines Dark Circles Wrinkles, Korean Skin Care 30ml, 1 fl.oz",1,13.5,14.61,False,Health & Beauty,,2025,2025-07-01,False,,,False,0.0,,False,
111-9878912-1563463,2025-07-09 03:33:53+00:00,Closed,B08FM5BTF6,"ROUND LAB 1025 Dokdo Toner 6.76 Fl Oz, Oil Control and Reduces Excess Sebum, Gentle Exfoliating Facial Toner, Deep Sea Water for Moisturization, Soft Finish Without Stickiness, Korean Skin Care",1,11.56,12.51,False,Health & Beauty,,2025,2025-07-01,False,,,False,0.0,,False,
111-0966300-3837056,2025-07-09 00:04:15+00:00,Closed,B09S8WMJY9,"PETLIBRO Automatic Cat Feeder, 5G WiFi Automatic Dog Feeder with Freshness Preservation, 5L Timed Cat Feeder with Low Food Sensor, Up to 10 Meals Per Day, Granary Pet Feeder for Cats, Black",1,59.49,64.4,False,Electronics & Accessories,,2025,2025-07-01,False,,,False,0.0,,False,
114-1056630-7683430,2025-07-04 10:59:24+00:00,Closed,B07WWB1MLN,"PUR Water Pitcher & Dispenser Replacement Filter 4-Pack, Genuine PUR Filter, 2-in-1 Powerful Filtration and Faster Filtration, 8-Month Value, Blue (PPF900Z4)",1,23.97,24.65,False,Home & Kitchen,,2025,2025-07-01,False,,,False,0.0,,False,
113-7286259-2984245,2018-09-23 16:55:10+00:00,Closed,B016N052M6,Knox Gear Z Style Heavy Duty Adjustable Piano Keyboard Stand,1,50.99,55.2,False,Electronics & Accessories,,2018,2018-09-01,False,,,False,0.0,,False,
111-8280292-7813802,2018-04-24 02:35:34+00:00,Closed,B00SM99KY8,Biore Uv Perfect Face Milk Spf50 + / Pa ++++ 30ml,1,9.63,9.63,False,Health & Beauty,,2018,2018-04-01,False,,,False,0.0,,False,
112-7344213-4405059,2026-04-20 22:56:05+00:00,Closed,B0FK1L1M6S,"Owala FreeSip Sway Insulated Stainless Steel Water Bottle with Two-Way Spout, Built-In Straw and Bucket Handle, Made for Travel, School, and Sports, 30oz, BPA Free, Leak Proof, Off Road",1,34.99,37.16,False,Home & Kitchen,,2026,2026-04-01,False,,,False,0.0,,False,
112-3882989-0982666,2026-02-10 05:36:13+00:00,Closed,B0B37X3HN9,"[ Set of 2 Skeins ] SMC Catania Originals 100% Mercerized Cotton Yarn, Total 3.52 Oz. Each 1.76 Oz (50g) / 136 Yrds (125 m) Amigurumi Yarn Fine-Sport 2 (208 Sonne)",1,9.43,10.21,False,Crafts & Hobby,,2026,2026-02-01,False,,,False,0.0,,False,
002-5206682-3861050,2012-07-18 20:02:28+00:00,Closed,B007JWXEMI,Hunger Games - 3 Poster Set 24x36 Poster Art Print Teaser Katniss Stadium,1,13.4,17.84,False,Toys & Games,,2012,2012-07-01,False,,,False,0.0,,False,
112-0307132-8096259,2026-07-26 18:00:35.739000+00:00,Closed,B0BXMNY8V5,"Litter Genie Refill Bags | Jumbo 2-Pack, 56 Total ft | Up to 8 Months of Supply in 2 cartridges | Ultimate Odor Control Cat Litter Bags",1,27.99,24.24,False,Pet Supplies,,2026,2026-07-01,False,,,False,0.0,,False,
112-6851157-1712233,2021-06-03 06:33:43+00:00,Closed,B00UTK957K,"LOKSAK - OPSAK Reusable Storage Bags - 12""x20"", 2 Pack",1,13.29,14.39,False,Home & Kitchen,,2021,2021-06-01,False,,,False,0.0,,False,
112-6583214-7429047,2022-12-09 07:12:58+00:00,Closed,B08YJ9YYFR,VICSEED Magnetic Phone Holder for Car [Strongest Magnet Power] Magnetic Phone Mount 360° Adjustable Air Vent MagSafe Car Mount Fit for iPhone 14 13 12 Pro Max Plus Mini MagSafe Case All Phones,1,29.98,29.86,False,Electronics & Accessories,,2022,2022-12-01,False,,,False,0.0,,False,
113-9515938-8985019,2021-07-26 21:02:04+00:00,Closed,B01KIFISX2,EcoNour Car Windshield Sun Shade with Storage Pouch | Durable 240T Material Car Sun Visor for UV Rays and Sun Heat Protection | Car Interior Accessories for Sun Heat | Standard (64 inches x 32 inches),1,15.96,16.41,False,Home & Kitchen,,2021,2021-07-01,False,,,False,0.0,,False,
112-1164961-4462645,2023-06-07 17:02:22+00:00,Closed,B0BK13K5M3,jinchan Blackout Curtains for Bedroom 96 Inch Long Linen Textured White Curtains Grommet Top Thermal Insulated Curtains for Living Room Modern Room Darkening Drapes Window Curtain Set 2 Panels,1,46.99,50.87,False,Home & Kitchen,,2023,2023-06-01,True,No longer needed/wanted,50.87,True,50.87,2023-08-10 01:52:35.127000+00:00,True,Customer return
113-3768349-4142658,2018-11-29 06:42:03+00:00,Closed,B00LX6DD8G,7Fairy Women's Sexy Black Floral Mini Chinese Evening Dress Cheongsam Size 14 US,1,51.99,55.98,False,Clothing & Shoes,,2018,2018-11-01,True,Too large,51.99,True,51.99,2018-12-13 04:21:13.767000+00:00,True,Customer return
104-6895584-3341008,2016-12-20 01:45:52+00:00,Closed,B014VHW24Y,"ASUS ZenBook UX303UA 13.3-Inch FHD Touchscreen Laptop, Intel Core i5, 8 GB RAM, 256 GB SSD, Windows 10 (64 bit)",1,699.99,757.74,False,Electronics & Accessories,,2016,2016-12-01,False,,,False,0.0,,False,
112-4492215-2989835,2022-03-04 07:58:14+00:00,Closed,B07WRLN8HZ,"watchget Espresso Tamping Mat, Coffee Tamper Mat, Black Silicone Food Grade Pad, Coffee Tamp Station, Espresso Accessory, Waterproof and Heat Resistant (8in6in)",1,16.99,18.39,False,Home & Kitchen,,2022,2022-03-01,False,,,False,0.0,,False,
112-4492215-2989835,2022-03-04 07:58:14+00:00,Closed,B082SWN84Q,"54mm Espresso Dosing Funnel, MATOW Stainless Steel Coffee Dosing Ring Compatible with 54mm Breville Portafilter",1,20.99,22.72,False,Home & Kitchen,,2022,2022-03-01,False,,,False,0.0,,False,
112-4137879-8485803,2024-02-01 07:40:21+00:00,Closed,B087G4JMF9,"SunnyPoint NeverRust Kitchen Sink Suction Holder for Sponges, Scrubbers, Soap, Kitchen, Bathroom, 6"" x 2.5"" x 2.75"", Aluminum (Black, 1)",1,9.99,10.81,False,Home & Kitchen,,2024,2024-02-01,False,,,False,0.0,,False,
108-6126358-2583435,2016-02-18 21:22:39+00:00,Closed,B00FZ18PPG,"Chimes Original Ginger Chews, 1lb Bag",1,12.54,12.54,False,Food & Snacks,,2016,2016-02-01,False,,,False,0.0,,False,
114-5632916-4441833,2018-11-04 02:24:13+00:00,Closed,B00004SPEU,"KRUPS F203 Electric Spice and Coffee Grinder with Stainless Steel Blades, 3-Ounce, Black",1,15.96,15.46,False,Home & Kitchen,,2018,2018-11-01,False,,,False,0.0,,False,
114-5632916-4441833,2018-11-04 02:24:13+00:00,Closed,B0016H3968,"Kim Crawford Sauvignon Blanc, 750 ml",1,15.99,15.5,False,Other,,2018,2018-11-01,False,,,False,0.0,,False,
114-5632916-4441833,2018-11-04 02:24:13+00:00,Closed,B000B6NXL6,"Kuhn Rikon Auto Safety Master Opener, Red",1,15.86,15.37,False,Home & Kitchen,,2018,2018-11-01,False,,,False,0.0,,False,
112-4492215-2989835,2022-03-04 07:58:14+00:00,Closed,B00THGBWC8,"The Rag Company - All-Purpose Microfiber Terry Cleaning Towels - Commercial Grade, Highly Absorbent, Lint-Free, Streak-Free, Kitchens, Bathrooms, Offices, 300gsm, 14in x 14in, Royal Blue (12-Pack)",1,14.95,16.18,False,Home & Kitchen,,2022,2022-03-01,False,,,False,0.0,,False,
113-2976030-9962615,2014-07-07 01:44:14+00:00,Closed,0062268341,Yes Please,1,17.71,19.17,False,Books & Media,,2014,2014-07-01,False,,,False,0.0,,False,
112-3875503-2382621,2025-04-29 06:50:54+00:00,Closed,B0CY1XFXB8,"【Famous KOL Recommended】KINGrinder K6 Manual Hand Coffee Grinder with Straight Handle for French Press, Drip, Espresso with Assembly Consistency Stainless Steel Conical Burr Mill, 35g Capacity",1,129.0,107.17,False,Home & Kitchen,,2025,2025-04-01,False,,,False,0.0,,False,
105-7017348-2869820,2012-09-26 23:06:16+00:00,Closed,B004U5DHD8,Sony MDREX58V/SLV In-Ear Headphones,1,19.99,25.73,False,Electronics & Accessories,,2012,2012-09-01,False,,,False,0.0,,False,
114-2034145-4431431,2021-01-19 23:52:58+00:00,Closed,B07SK4W1VJ,Luigi's Mansion 3 - Nintendo Switch,1,44.99,48.7,False,Toys & Games,,2021,2021-01-01,False,,,False,0.0,,False,
114-4484055-7730666,2024-02-20 23:05:49+00:00,Closed,B07G8NXYCM,"Non-Melting Sugar Powder (Snow Sugar, Sucre Neige) (8 oz, ZIN: 526841)",1,7.43,12.4,False,Food & Snacks,,2024,2024-02-01,False,,,False,0.0,,False,
104-5146627-0575441,2016-11-27 22:39:45+00:00,Closed,B001RF3XJ2,American Weigh Scales AMW-SC-2KG Digital Pocket Scale,1,18.23,18.23,False,Home & Kitchen,,2016,2016-11-01,False,,,False,0.0,,False,
104-6057217-3551449,2016-11-27 03:53:35+00:00,Closed,B01B1I6J0E,Spigen Neo Hybrid Galaxy S7 Case with Flexible Inner Protection and Reinforced Hard Bumper Frame for Samsung Galaxy S7 2016 - Gunmetal,1,16.99,17.31,False,Electronics & Accessories,,2016,2016-11-01,False,,,False,0.0,,False,
112-8046744-2257055,2021-04-05 14:40:10+00:00,Closed,B07KNR9SVF,"Sodium Hydroxide - Pure - Food Grade (Caustic Soda, Lye) (2 Pound Jar)",1,15.99,17.31,False,Home & Kitchen,,2021,2021-04-01,False,,,False,0.0,,False,
103-0765714-0388266,2016-03-07 07:02:36+00:00,Closed,B003H2AZJE,HP 61 Tri-color Original Ink Cartridge (CH562WN),1,18.99,10.77,False,Office & Supplies,,2016,2016-03-01,False,,,False,0.0,,False,
103-0765714-0388266,2016-03-07 07:02:36+00:00,Closed,B00F8DKZPY,"Pastel Pink Cellophane Favor Bags, 30ct",1,2.0,1.13,False,Other,,2016,2016-03-01,False,,,False,0.0,,False,
113-6640844-8854669,2018-07-15 03:49:56+00:00,Closed,B079M49921,"LIANTRAL Mini Sewing Machine, Portable Electric Crafting Mending Machine 2-Speed Double Thread with Foot Pedal for Household Travel Beginner",1,19.99,16.99,False,Electronics & Accessories,,2018,2018-07-01,False,,,True,16.99,2018-07-19 16:40:30.165000+00:00,False,Item not received
112-8900193-0048224,2025-04-08 02:42:31+00:00,Closed,B0CYLVN43Z,"Clakllie Waterproof 5 Panel Hats Quick Dry Short Brim Hats Ultra Thin Outdoor Sports Hat Flat Bill Baseball Cap,DDY1-Black",1,16.99,17.47,False,Clothing & Shoes,,2025,2025-04-01,True,Too large,17.47,True,17.47,2025-04-12 04:07:21.076000+00:00,True,Customer return
112-3149116-1171450,2025-01-16 05:35:36+00:00,Closed,B0001AP13A,The College Dropout [Vinyl],1,27.97,30.28,False,Books & Media,,2025,2025-01-01,False,,,False,0.0,,False,
112-2973486-0206650,2025-12-11 05:15:20+00:00,Closed,B0DBM2XCC7,Pro-Ject Debut EVO 2 Turntable with Pick it MM EVO Cartridge (Satin Wine Red),1,678.97,734.99,False,Electronics & Accessories,,2025,2025-12-01,False,,,False,0.0,,False,
106-2472011-5339458,2013-08-26 20:58:38+00:00,Closed,0321754425,Student Handbook and Solutions Manual for Concepts of Genetics,1,25.0,27.06,False,Books & Media,,2013,2013-08-01,False,,,False,0.0,,False,
106-3776494-5251439,2013-08-26 20:53:53+00:00,Closed,0321754352,"Concepts of Genetics, Books a la Carte Edition (10th Edition)",1,101.69,110.08,False,Books & Media,,2013,2013-08-01,False,,,False,0.0,,False,
114-1912869-2762653,2022-06-07 19:43:30+00:00,Closed,B09T6LWFB2,"Eohak Kids Distresed-Washed Baseball Hat Infant Toddler Baby Boy Girl Hats Distresed for 2-8 Years (18.9""-20.5""/2-10Yeras Old, Dark Gray)",1,7.78,8.42,False,Clothing & Shoes,,2022,2022-06-01,False,,,False,0.0,,False,
112-9028083-9343418,2025-03-28 05:43:39+00:00,Closed,B09J6Y8Y73,Google indoor Nest Security Cam 1080p (Wired) - 2nd Generation - Snow,1,69.99,75.76,False,Electronics & Accessories,,2025,2025-03-01,True,Better price available,75.76,True,75.76,2025-04-02 23:30:15.750000+00:00,True,Customer return
105-6838900-2628252,2012-09-11 04:32:10+00:00,Closed,155481040X,"Leviathan, Parts I and II, revised edition (Broadview Editions)",1,6.56,13.55,False,Books & Media,,2012,2012-09-01,False,,,False,0.0,,False,
112-4595913-5255412,2025-03-17 22:38:52+00:00,Closed,B08W2C5W59,"Xiaomi Mi Computer Monitor Light Bar - Easy Installation, Extra Computer Lighting w/o Taking Desktop Space, w/Wireless Remote Control Adjusting Lights Easily",1,61.78,66.88,False,Electronics & Accessories,,2025,2025-03-01,False,,,False,0.0,,False,
113-5976274-6107417,2020-08-18 00:35:40+00:00,Closed,B00U2Y6EUO,"Santa Cruz Shredder 4 Piece Herb and Spice Grinder, Blue",1,58.2,63.0,False,Home & Kitchen,,2020,2020-08-01,False,,,False,0.0,,False,
112-9119372-6509046,2023-01-03 18:59:22+00:00,Closed,B093W71HF3,Reebok Women's Club C Sneaker Chalk/Alabaster/Glen Green Vintage 7,1,84.99,92.0,False,Clothing & Shoes,,2023,2023-01-01,True,Didn't like fabric,92.0,True,92.0,2023-01-08 08:23:15.341000+00:00,True,Customer return
104-8372958-1776247,2016-08-23 02:15:52+00:00,Closed,B00NXEB0W2,"TaoTronics Outdoor String Lights, Dimmable LED String Lights for Bedroom, Patio, Party, Christmas Tree, Decorations ( 100 LEDs, 33 ft Copper Wire, Warm White, Remote Control )",1,19.99,19.99,False,Electronics & Accessories,,2016,2016-08-01,False,,,False,0.0,,False,
111-4933578-9566640,2018-04-24 02:33:05+00:00,Closed,B019IHFR62,Innisfree Blueberry Rebalancing 5.5 Cleanser 100ml,1,11.51,11.51,False,Health & Beauty,,2018,2018-04-01,False,,,False,0.0,,False,
113-2821224-6873041,2024-07-16 21:03:08+00:00,Closed,B07BZ3PYZJ,"Takeya Actives Replacement Straw Lid for Insulated Water Bottle, Wide Mouth, Onyx",1,5.84,6.32,False,Home & Kitchen,,2024,2024-07-01,False,,,False,0.0,,False,
112-5294846-7769844,2024-10-22 05:10:49+00:00,Closed,B07WWB1MLN,"PUR Water Pitcher & Dispenser Replacement Filter 4-Pack, Genuine PUR Filter, 2-in-1 Powerful Filtration and Faster Filtration, 8-Month Value, Blue (PPF900Z4)",1,23.97,24.65,False,Home & Kitchen,,2024,2024-10-01,False,,,False,0.0,,False,
104-2030596-2069866,2016-04-28 22:20:59+00:00,Closed,B00H9K8ZRE,12 Assorted Cotton Bandanas Plus a *Free* American Flag Bandana Headband - CoverYourHair TM,1,12.99,16.98,False,Clothing & Shoes,,2016,2016-04-01,False,,,False,0.0,,False,
112-3773123-0805053,2022-11-26 20:34:23+00:00,Closed,B000BVRZ74,Rain-X 800002250 Glass Treatment Trigger - 16 fl oz.,1,5.99,6.48,False,Home & Kitchen,,2022,2022-11-01,False,,,False,0.0,,False,
109-7094441-1163409,2016-01-20 00:27:39+00:00,Closed,B00A8LN70Q,KHOMO iPad Mini / Mini 2 Retina / Mini 3 Case - DUAL Grey Super Slim Twill Cover with Rubberized back and Smart Feature (Built-in magnet for sleep / wake feature) For Apple iPad Mini Tablet,1,14.95,14.95,False,Electronics & Accessories,,2016,2016-01-01,False,,,False,0.0,,False,
106-5876680-5591448,2013-09-29 18:40:30+00:00,Closed,0316069884,Eating Animals,1,10.98,11.89,False,Books & Media,,2013,2013-09-01,True,Better price available,11.89,True,11.89,2013-10-06 02:00:29+00:00,False,Account adjustment
112-7089035-3542667,2020-06-01 05:34:19+00:00,Closed,B078VR1H1S,Clarins Hydra-Essentiel Moisture Replenishing Lip Balm 15ml,1,19.44,21.04,False,Health & Beauty,,2020,2020-06-01,False,,,False,0.0,,False,
114-5719799-7932247,2017-05-04 04:34:22+00:00,Closed,B0099SMFVQ,"Logitech Bluetooth Illuminated Keyboard K810 for PCs, Tablets, Smartphones - Black",1,71.99,71.99,False,Electronics & Accessories,,2017,2017-05-01,True,Defective/Does not work properly,71.99,True,71.99,2017-06-03 21:23:04+00:00,True,Customer return
111-3793614-6934649,2026-03-06 21:09:36+00:00,Closed,B0FZZVXTHH,"3 Pcs 1M 2D 1A Cake Piping Tips, Cake Decorating Supplies Piping Tips, Piping Nozzles Decorating Tips, Baking Tools For Buttercream, Icing, Birthday Cake, Cupcake, DIY Art",1,5.99,6.48,False,Home & Kitchen,,2026,2026-03-01,False,,,False,0.0,,False,
102-3536257-5373860,2012-04-10 00:45:21+00:00,Closed,0449908348,Intoxicated by My Illness,1,10.95,10.95,False,Books & Media,,2012,2012-04-01,False,,,False,0.0,,False,
112-7394205-9202660,2025-02-22 07:33:37+00:00,Closed,B0CGWV33W5,"PETLIBRO Pet Mats for Dogs and Cats, Extra Large Dog Bowl Mat for Feeder or Fountain, Non-Slip Waterproof Pet Feeding Mat for PLAF103 Dual Tray, PLAF109, PLAF203 Dual Tray, PLAF301",1,24.99,27.05,False,Pet Supplies,,2025,2025-02-01,False,,,False,0.0,,False,
114-1170171-0340204,2019-05-08 00:20:37+00:00,Closed,B0035YEQC6,"ArtToFrames 12x24 inch Satin White Frame Picture Frame, WOMFRBW26074-12x24",1,30.2,32.69,False,Home & Kitchen,,2019,2019-05-01,False,,,False,0.0,,False,
112-5239404-1009810,2023-02-08 18:34:38+00:00,Closed,B09K4PMCWL,"New Balance Men's 997H V1 Sneaker, Moonbeam/Vintage Indigo, 5.5",1,79.97,86.57,False,Clothing & Shoes,,2023,2023-02-01,False,,,False,0.0,,False,
114-5879590-6900208,2020-10-21 23:07:15+00:00,Closed,B071S7H5WC,"Bear Butt #1 Double Hammock, A Start Up Company Gear at Half The Cost of The Other Guys, Touquoise/Dark Blue/Coral",1,29.97,32.44,False,Outdoors & Sporting,,2020,2020-10-01,True,Missed estimated delivery date,108.12,True,54.06,2020-11-08 01:59:01.657000+00:00,True,Customer return
114-5879590-6900208,2020-10-21 23:07:15+00:00,Closed,B0758FGKSS,Bear Butt Kodiak Hammock Straps - 20 Feet Long - Holds 1000 Pounds from Our Extra Reinforced Triple Stitching - Get Our Hammock Tree Straps - Start Up,1,19.97,21.62,False,Outdoors & Sporting,,2020,2020-10-01,True,Missed estimated delivery date,108.12,True,54.06,2020-11-08 01:59:01.657000+00:00,True,Customer return
114-1292004-6361004,2022-06-15 16:26:07+00:00,Closed,B08F1BNF4Z,NiteRider Lumina Micro 900 Front Bike Light Sabre 110 Rear Bike Light Combo Pack- USB Rechargeable Bicycle Headlight LED Front Light Water Resistant Mountain Road City Commuting Cycling Safety Flash,1,67.99,73.6,False,Electronics & Accessories,,2022,2022-06-01,False,,,False,0.0,,False,
112-9067603-0848204,2023-11-15 05:20:45+00:00,Closed,B07Z7XMQP4,"Kootek Aluminium Alloy Revolving Cake Stand 12 Inch Rotating Cake Turntable for Cake, Cupcake Decorating Supplies",1,33.99,32.46,False,Electronics & Accessories,,2023,2023-11-01,False,,,False,0.0,,False,
112-2922538-9302648,2023-11-15 05:10:18+00:00,Closed,B0013374AM,"Fat Daddio's PRD-83 Anodized Aluminum Round Cake Pan, 8 x 3 Inch, Silver",1,15.29,16.55,False,Home & Kitchen,,2023,2023-11-01,False,,,False,0.0,,False,
113-5905722-1645061,2021-06-01 02:20:49+00:00,Closed,B07XL9WLY7,"Chute Mag Vacuum Insulated Stainless Steel Water Bottle - 20oz, Navy",1,21.99,23.8,False,Home & Kitchen,,2021,2021-06-01,True,No longer needed/wanted,47.6,True,23.8,2021-06-04 22:03:58.181000+00:00,True,Customer return
112-9570348-5973061,2020-03-31 02:43:38+00:00,Closed,B01AAX6C26,Hada Labo Tokyo Gentle Hydrating Cleanser 5 Oz - with Hyaluronic Acid cream facial wash non-drying free from fragrance parabens alcohol mineral oil and dyes (Packaging May Vary),1,11.99,12.98,False,Health & Beauty,,2020,2020-03-01,False,,,False,0.0,,False,
114-1326932-5110632,2018-12-30 03:50:53+00:00,Closed,B06XWZWYVP,Samsung 128GB 100MB/s (U3) MicroSD EVO Select Memory Card with Adapter (MB-ME128GA/AM),1,24.99,27.05,False,Electronics & Accessories,,2018,2018-12-01,False,,,False,0.0,,False,
112-5738474-0484265,2023-09-05 22:21:36+00:00,Closed,B0BYSN7THC,FQA Long Black Evening Gowns for Women Formal Dresses for Women Evening Party Elegant V Neck Sleeveless Split Wrap,1,55.87,60.48,False,Clothing & Shoes,,2023,2023-09-01,True,No longer needed/wanted; Style not as expected,1536.6599999999999,True,170.74,2023-09-15 01:48:36.151000+00:00,True,Customer return
112-9394975-9401802,2023-01-31 03:43:57+00:00,Closed,B07R5WN2PM,CLAPE Quick Drying 5 Panel Sun Hat Cap Unique Design Short Brim Bump Cap,1,16.99,18.39,False,Clothing & Shoes,,2023,2023-01-01,False,,,False,0.0,,False,
112-1504985-9266628,2020-09-23 06:50:06+00:00,Closed,B01MTW25ET,Swans Speakers M200MKIII+ Powered 2.0 Bookshelf Speakers - Bluetooth Connection - 1.1 Inch Dome Tweeters - 5.25 Inch Midbass Drivers - RMS 120W  - Solid Wood Cabinets,1,429.99,465.46,False,Electronics & Accessories,,2020,2020-09-01,False,,,False,0.0,,False,
111-9577795-8692264,2018-01-01 20:34:55+00:00,Closed,B000H2BC4E,BEHRINGER MICROPHONO PP400,1,24.99,27.05,False,Electronics & Accessories,,2018,2018-01-01,False,,,False,0.0,,False,
112-3699189-6577834,2024-06-07 00:45:11+00:00,Closed,B0995VCFDF,malu Diatomaceous Earth Bath Mat - Fast-Drying Water-Absorbent Stone Wide 23.6 X 15.4 inches Non-Slip Stone Mats for Bathroom Shower Floor - Diatomite Bath Mat with Herringbone Design,1,29.99,32.46,False,Home & Kitchen,,2024,2024-06-01,False,,,False,0.0,,False,
111-3585248-1269805,2018-04-25 04:03:14+00:00,Closed,B002ALISJ2,Adams Optimum Pigment Dyed Twill Cap (Charcoal) (ALL),1,10.5,11.37,False,Clothing & Shoes,,2018,2018-04-01,True,Different from website description; Too large,399.71999999999997,True,33.31,2018-05-01 01:35:32+00:00,True,Customer return
112-7769890-6181025,2021-05-29 08:55:06+00:00,Closed,B07XRG1YRC,"Chute Mag Vacuum Insulated Stainless Steel Water Bottle - 20oz, Moss",1,21.99,23.8,False,Home & Kitchen,,2021,2021-05-01,True,No longer needed/wanted,23.8,True,23.8,2021-06-04 22:03:58.050000+00:00,True,Customer return
112-4701494-3129842,2020-03-06 06:11:35+00:00,Closed,B01IAIFZ9Y,"Purell advanced hand sanitizer jelly wrap 1 fl oz, pack of 4",1,22.99,22.99,False,Health & Beauty,,2020,2020-03-01,False,,,False,0.0,,False,
112-3367897-2476238,2021-11-12 21:12:58+00:00,Closed,B07VVXRRB8,"jinchan Blackout Curtains Geometric Patterns Design Grommet Top Bedroom Window Curtains Room Darkening Thermal Insulated Drapes 84"" L Blue",1,34.99,37.88,False,Home & Kitchen,,2021,2021-11-01,True,Accidental order,37.88,True,37.88,2021-11-29 04:13:30.008000+00:00,True,Customer return
112-3367897-2476238,2021-11-12 21:12:58+00:00,Closed,B08XWKX98P,"USB C to 3.5mm Headphone and Charger Adapter,2-in-1 USB C to Aux Audio Jack with PD 60W Fast Charging USB C to 3.5mm Audio Adapter Compatible with Galaxy S21 S20 S20+ Plus Note 20,Pixel 4 3 2 XL",1,15.99,17.31,False,Electronics & Accessories,,2021,2021-11-01,True,Accidental order,37.88,True,37.88,2021-11-29 04:13:30.008000+00:00,True,Customer return
106-1710376-5285843,2013-09-03 04:08:39+00:00,Closed,0195305108,Animal Rights: Current Debates and New Directions,1,14.48,15.67,False,Books & Media,,2013,2013-09-01,False,,,False,0.0,,False,
105-9775161-1352244,2016-08-08 05:01:57+00:00,Closed,B0084M67LM,"Command Decorating Clips, Clear, 40-Clips (17026CLR-40ES)",1,6.83,7.39,False,Home & Kitchen,,2016,2016-08-01,False,,,False,0.0,,False,
105-9775161-1352244,2016-08-08 05:01:57+00:00,Closed,B0001UJVTK,"Prepworks by Progressive Cutting Board - 17.38"" X 11.25""",1,16.98,18.38,False,Home & Kitchen,,2016,2016-08-01,False,,,False,0.0,,False,
113-3493032-8665054,2019-09-11 04:50:33+00:00,Closed,B000UYJBOM,"Vans Authentic(tm) Core Classics, True White, Men's 5.5, Women's 7 Medium",1,69.88,69.88,False,Clothing & Shoes,,2019,2019-09-01,True,Ordered wrong style/size/color,65.05,True,65.05,2019-09-21 23:47:06.988000+00:00,True,Customer return
112-6355965-8933827,2021-05-26 01:22:03+00:00,Closed,B081CM1HHQ,"Holikme Door Draft Stopper Under Door Draft Blocker Insulator Door Sweep Weather Stripping Noise Stopper Strong Adhesive 39"" Length Grey",2,8.95,19.38,False,Home & Kitchen,,2021,2021-05-01,False,,,False,0.0,,False,
112-7559420-9990633,2023-02-18 17:15:26+00:00,Closed,B00099E7D8,"adidas Boy's Samba Classic Soccer Shoe, Black/White/Black, 5.5 Big Kid",1,54.99,59.53,False,Clothing & Shoes,,2023,2023-02-01,True,Too large,59.53,True,59.53,2023-03-08 22:01:28.547000+00:00,True,Customer return
112-0820229-3231468,2026-01-10 06:28:15+00:00,Closed,B0DLGJCC8C,"BEQHAUSE Dirt Trapper Door Mat 24"" x 36"", Non-Slip Washable Doormats Entrance Mat, Dirt Resistant and Absorbent Welcome Mat, Low Profile Floor Mats for Front Back Door and Entryway, Brown",1,27.99,25.75,False,Home & Kitchen,,2026,2026-01-01,False,,,False,0.0,,False,
111-9325788-1469001,2026-03-06 18:33:07+00:00,Closed,B0D7378WJL,"WACACO Exagram Pro Coffee Scale with Timer, Smart Espresso Scale with Carrying Box, Automatic Timing Rechargeable Mini Digital Coffee Weight Scales Gram&Ounce&Milliliter, Food Kitchen Scale, Black",1,49.9,54.02,False,Home & Kitchen,,2026,2026-03-01,False,,,False,0.0,,False,
111-8702179-6308226,2026-03-06 18:27:31+00:00,Closed,B08Q3VZX9X,"LEVOIT Genuine Core300-P Replacement Filter, Core 300-RF Air Purifier Core300S Filters, Supports HEPA Sleep Mode, High-Efficiency Activated Carbon for Removal of Smoke, Odor, Allergens, Pollen,2 Pack",1,54.99,41.67,False,Home & Kitchen,,2026,2026-03-01,False,,,False,0.0,,False,
112-3014299-3993821,2025-08-08 21:31:22+00:00,Closed,B07Z8F5144,"Golden State Art, 7x14 Distressed Brown Wood Frame - 3-Opening White Mat for 4x6 Pictures - Portrait or Landscape Wall Mounting - Sturdy and Easy to Install - Real Glass",1,19.49,21.1,False,Home & Kitchen,,2025,2025-08-01,False,,,False,0.0,,False,
112-3014299-3993821,2025-08-08 21:31:22+00:00,Closed,B0B4D467H2,"MEWOOFUN 4-Levels Door Hanging Cat Climber Door Mounted Vertical Cat Tree Tower with Carpeted Plank for Indoor Cats (Door Mounted-67.3"" H X 22.3"" L X 10.5""W)",1,71.99,77.93,False,Pet Supplies,,2025,2025-08-01,False,,,False,0.0,,False,
112-3014299-3993821,2025-08-08 21:31:22+00:00,Closed,B0CLYSVSD3,SIDAZON Cat Scratching Board cat Scratcher Cat Scratch Pad Cardboard cat scratchers for Indoor Cats Reversible Large Wide Corrugated with Catnip(2pcs),1,9.99,10.81,False,Pet Supplies,,2025,2025-08-01,False,,,False,0.0,,False,
112-5557425-8151461,2025-02-22 07:33:37+00:00,Closed,B09B2852X8,"PETLIBRO Cat Water Fountain Stainless Steel,Ultra Quiet,71fl oz/2.1L Automatic Cat Fountain,Two Flow Modes,BPA-Free Capsule Metal Healthy Pet Water Fountain for Cats Inside",1,36.99,34.63,False,Pet Supplies,,2025,2025-02-01,True,No longer needed/wanted,34.63,True,34.63,2025-02-28 01:05:18.400000+00:00,True,Customer return
112-1520038-9772239,2023-02-12 22:58:19+00:00,Closed,B00099E7DS,"adidas Boy's Samba Classic Soccer Shoe, Black/White/Black, 6 Big Kid",1,54.99,59.53,False,Clothing & Shoes,,2023,2023-02-01,True,Too large,119.06,True,59.53,2023-02-20 04:54:43.761000+00:00,True,Customer return
114-5417810-9716208,2014-01-12 07:41:41+00:00,Closed,B0019QG5CG,9GreenBox - Juniper Tree Bonsai Best Gift,1,12.99,17.48,False,Outdoors & Sporting,,2014,2014-01-01,False,,,False,0.0,,False,
114-5874608-2897041,2021-01-12 23:48:36+00:00,Closed,B000634MH8,SmartCat Pioneer Pet Ultimate Scratching Post (Beige),1,49.99,54.11,False,Pet Supplies,,2021,2021-01-01,False,,,False,0.0,,False,
112-6280313-7631455,2024-09-05 19:18:01+00:00,Closed,B0DBWJ5PVR,"Ringke Onyx [Compatible with MagSafe] Designed for Google Pixel 9 Case, Prevents Oily Smudges Feels Good in The Hand Non-Slip Enhanced Grip Precise Cutouts for Camera - Magnetic Dark Green",1,19.99,21.64,False,Electronics & Accessories,,2024,2024-09-01,True,No longer needed/wanted,21.64,True,21.64,2024-10-07 20:48:14.915000+00:00,True,Customer return
112-8071409-0021046,2021-09-14 23:03:43+00:00,Closed,0525555188,John Green: The Complete Collection Box Set,1,30.99,33.55,False,Books & Media,,2021,2021-09-01,False,,,False,0.0,,False,
112-3507253-9363435,2024-11-13 00:07:50+00:00,Closed,B09LJWWX4Y,"Logitech MX Mechanical Wireless Illuminated Performance Keyboard, Clicky Switches, Backlit Keys, Bluetooth, USB-C, macOS, Windows, Linux, iOS, Android, Metal",1,165.65,88.21,False,Electronics & Accessories,,2024,2024-11-01,True,No longer needed/wanted,88.21,True,88.21,2024-11-26 23:25:24.556000+00:00,True,Customer return
102-7430867-1367435,2012-01-21 04:37:15+00:00,Closed,0486438961,The Nature and Power of Mathematics (Dover Books on Mathematics),1,13.57,13.57,False,Books & Media,,2012,2012-01-01,False,,,False,0.0,,False,
109-6286896-3381020,2014-02-21 21:06:26+00:00,Closed,0199740496,Empathy and the Novel,1,23.7,35.39,False,Books & Media,,2014,2014-02-01,False,,,False,0.0,,False,
111-0052803-2453059,2022-07-13 18:35:38+00:00,Closed,B09T39762M,"WOPET 6L Automatic Cat Feeder,Wi-Fi Enabled Smart Pet Feeder for Cats and Dogs,Auto Dog Food Dispenser with Portion Control, Distribution Alarms and Voice Recorder Up to 15 Meals per Day (Black)",1,79.99,81.18,False,Pet Supplies,,2022,2022-07-01,False,,,False,0.0,,False,
111-0085822-0157855,2018-02-15 05:34:14+00:00,Closed,B008I4XFWU,HemingWeigh Extra Thick Foam Exercise Mat,1,23.99,23.99,False,Outdoors & Sporting,,2018,2018-02-01,True,Defective/Does not work properly,23.99,True,23.99,2018-02-21 18:24:14+00:00,True,Customer return
113-3926048-9455438,2021-03-02 21:25:28+00:00,Closed,B001JF0MRG,"Curel Kao Intensive Moisture Cream, 40 Gram",1,23.48,25.42,False,Health & Beauty,,2021,2021-03-01,False,,,False,0.0,,False,
113-9836595-8576249,2024-07-16 19:44:32+00:00,Closed,B092PTSDB4,ETUDE SoonJung pH 6.5 Whip Facial Cleanser 5.1 fl. oz. (150ml) 21AD | Soft Bubble Fragrance-Free Low-pH Korean Hydrating Cleansing Wash for Sensitive Skin | K-Beauty | Vegan,1,11.31,12.24,False,Health & Beauty,,2024,2024-07-01,False,,,False,0.0,,False,
113-9836595-8576249,2024-07-16 19:44:32+00:00,Closed,B0CGHTJX9K,ETUDE SoonJung 5.5 Foam Cleanser 5.1 fl. oz. (150ml) 23AD | Soft Bubble Hydrating Vegan Facial Cleanser for Sensitive Skin | Fragrance-Free Low-pH Korean Cleansing Wash | K-Beauty | Vegan,1,9.92,10.74,False,Health & Beauty,,2024,2024-07-01,False,,,False,0.0,,False,
113-9836595-8576249,2024-07-16 19:44:32+00:00,Closed,B09DD6F7M6,Normcore 53.3mm Puck Screen - Lower Shower Screen - Metal Contact Screen for Espresso 54mm Portafilter Filter Basket - 1.7mm Thickness 150μm - 316 Stainless Steel,1,11.19,12.11,False,Home & Kitchen,,2024,2024-07-01,False,,,False,0.0,,False,
112-9715717-9668244,2022-12-12 00:51:40+00:00,Closed,B07VHBQQVG,"Stageek Mouse Jiggler, Mechanical 100% Undetectable by IT,Mouse Mover with On/Off Switch, Simulates Mouse Movement and Prevents Computer from Going into Sleep, No Software Needed, Plug &Play",1,24.99,27.05,False,Electronics & Accessories,,2022,2022-12-01,False,,,False,0.0,,False,
112-3116354-4318626,2025-08-01 05:04:17+00:00,Closed,B0BPYDHG56,Trendy Queen Womens Oversized Summer T Shirts Fashion Workout Plus Size Tops Short Sleeve Beach Vacation Gym Clothes 2025 DarkPink S,1,8.99,9.73,False,Clothing & Shoes,,2025,2025-08-01,True,No longer needed/wanted,262.71000000000004,True,29.19,2025-08-07 02:04:46.920000+00:00,True,Customer return
112-3116354-4318626,2025-08-01 05:04:17+00:00,Closed,B0BPYF7QT1,Trendy Queen Womens Oversized Summer T Shirts Fashion Workout Plus Size Tops Short Sleeve Beach Vacation Gym Clothes 2025 Black M,1,8.99,9.73,False,Clothing & Shoes,,2025,2025-08-01,True,No longer needed/wanted,262.71000000000004,True,29.19,2025-08-07 02:04:46.920000+00:00,True,Customer return
112-3116354-4318626,2025-08-01 05:04:17+00:00,Closed,B0BPYCHYP9,Trendy Queen Womens Oversized Summer T Shirts Fashion Workout Plus Size Tops Short Sleeve Beach Vacation Gym Clothes 2025 DarkPink L,1,8.99,9.73,False,Clothing & Shoes,,2025,2025-08-01,True,No longer needed/wanted,262.71000000000004,True,29.19,2025-08-07 02:04:46.920000+00:00,True,Customer return
102-9569959-1665866,2011-09-03 21:54:10+00:00,Closed,B0046RE21G,Buffalo Technology MiniStation Stealth 500 GB USB 2.0 Portable External Hard Drive HD-PCT500U2/B (Black),1,52.99,58.57,False,Electronics & Accessories,,2011,2011-09-01,False,,,False,0.0,,False,
113-9182182-7051466,2020-12-11 01:33:57+00:00,Closed,B076CSXR5P,"Viktor & Rolf Spicebomb Sample For Men, 0.05 oz EDT -Other Name Brand Cologne Samples Included-",1,10.5,11.37,False,Health & Beauty,,2020,2020-12-01,False,,,False,0.0,,False,
112-6206099-1365006,2022-03-22 03:52:17+00:00,Closed,B001JF0MRG,"Curel Kao Intensive Moisture Cream, 40 Gram",1,26.5,28.69,False,Health & Beauty,,2022,2022-03-01,False,,,False,0.0,,False,
104-5587825-5152224,2017-01-31 04:08:13+00:00,Closed,B0049P6OTI,Lepai LP-2020A+ Tripath TA2020 Class-T Hi-Fi Audio Amplifier with Power Supply,1,29.0,29.0,False,Electronics & Accessories,,2017,2017-01-01,False,,,False,0.0,,False,
104-8616911-5815411,2015-10-17 08:26:37+00:00,Closed,B00G2XGC88,"Lodge Cast-Iron Skillet L10SK3ASHH41B, 12-Inch",1,26.95,18.35,False,Home & Kitchen,,2015,2015-10-01,False,,,False,0.0,,False,
112-1806067-6053001,2025-12-18 22:58:02+00:00,Closed,B0DHVD1L8G,"Cat Litter Box Enclosure for 2 Cats, 47.6'' Litter Box Furniture Hidden with Scratch Pad, Double Room Large Cat Cabinet, Indoor Pet House TV Stand Side Table,Cats Washroom, Brown",2,179.99,368.02,False,Electronics & Accessories,,2025,2025-12-01,False,,,False,0.0,,False,
113-1588336-6626620,2026-07-16 02:08:17.472000+00:00,Closed,B000RGZNAO,Organic Green Seedless Grapes,1,10.08,10.08,True,Grocery,Produce,2026,2026-07-01,False,,,False,0.0,,False,
113-1588336-6626620,2026-07-16 02:08:17.472000+00:00,Closed,B07FW25ZBJ,"365 by Whole Foods Market Organic Silken Tofu, 16 OZ",1,2.39,2.39,True,Grocery,"Dairy, Eggs & Alt-Protein",2026,2026-07-01,False,,,False,0.0,,False,
113-3412977-5588260,2026-06-09 23:41:35+00:00,Closed,B09XC2L3DS,"Whole Foods Market Kitchens Chile Chicken Verde Soup, 24 OZ",1,9.49,9.49,True,Grocery,Meat & Seafood,2026,2026-06-01,False,,,False,0.0,,False,
113-3412977-5588260,2026-06-09 23:41:35+00:00,Closed,B0CG2CNF7T,"Soli Organic Basil, 0.5 OZ",1,2.99,2.99,True,Grocery,Produce,2026,2026-06-01,False,,,False,0.0,,False,
113-3412977-5588260,2026-06-09 23:41:35+00:00,Closed,B0884VYWR3,"Whole Foods Market Kitchens Nana's Chicken Noodle Soup, 24 OZ",1,8.49,8.49,True,Grocery,Meat & Seafood,2026,2026-06-01,False,,,False,0.0,,False,
113-3412977-5588260,2026-06-09 23:41:35+00:00,Closed,B001GIP2BM,Organic Yellow Onion,1,1.67,1.67,True,Grocery,Produce,2026,2026-06-01,False,,,False,0.0,,False,
113-3412977-5588260,2026-06-09 23:41:35+00:00,Closed,B007K5EUWC,"Cento Foods Marzano Whole Peeled Tomatoes, 28 OZ",1,5.99,5.99,True,Grocery,Produce,2026,2026-06-01,False,,,False,0.0,,False,
113-7418049-6085028,2026-06-06 00:02:50+00:00,Closed,B001L1KRNC,PRODUCE Lemon,3,0.89,2.67,True,Grocery,Produce,2026,2026-06-01,False,,,False,0.0,,False,
113-7418049-6085028,2026-06-06 00:02:50+00:00,Closed,B0B1SFGQ28,"365 by Whole Foods Market Organic Yellow Corn Tortilla Strips, 12 OZ",1,3.49,3.49,True,Grocery,Pantry & Dry Goods,2026,2026-06-01,False,,,False,0.0,,False,
113-7418049-6085028,2026-06-06 00:02:50+00:00,Closed,B074H64C5R,"365 by Whole Foods Market, Organic Mayonnaise, 11.2 Fl Oz",1,3.49,3.49,True,Grocery,Pantry & Dry Goods,2026,2026-06-01,False,,,False,0.0,,False,
113-7418049-6085028,2026-06-06 00:02:50+00:00,Closed,B0B485QM9W,"The Fredericksburg Peach Co. Green Okra, 16 OZ",1,4.99,4.99,True,Grocery,Pantry & Dry Goods,2026,2026-06-01,False,,,False,0.0,,False,
113-7418049-6085028,2026-06-06 00:02:50+00:00,Closed,B000RGZNAO,PRODUCE Organic Green Seedless Grapes,1,8.98,8.98,True,Grocery,Produce,2026,2026-06-01,False,,,False,0.0,,False,
113-7418049-6085028,2026-06-06 00:02:50+00:00,Closed,B003IMCOD8,Honeydew Melon,1,5.99,5.99,True,Grocery,Produce,2026,2026-06-01,False,,,False,0.0,,False,
113-7418049-6085028,2026-06-06 00:02:50+00:00,Closed,B0787WHRNP,365 by Whole Foods Market Boneless Skinless Chicken Thighs,1,8.15,8.15,True,Grocery,Meat & Seafood,2026,2026-06-01,False,,,False,0.0,,False,
113-7418049-6085028,2026-06-06 00:02:50+00:00,Closed,B074J6RQZB,"365 by Whole Foods Market Organic Dijon Mustard, 8 OZ",1,1.99,1.99,True,Grocery,Pantry & Dry Goods,2026,2026-06-01,False,,,False,0.0,,False,
113-5316915-1553816,2026-05-27 18:05:05+00:00,Closed,B000QCNITM,"Lactaid Whole Milk, 64 FZ",1,4.79,4.79,True,Grocery,"Dairy, Eggs & Alt-Protein",2026,2026-05-01,False,,,False,0.0,,False,
113-5316915-1553816,2026-05-27 18:05:05+00:00,Closed,B07C2XPHZK,"FLAT TRACK Dogspeed Espresso, 12 OZ",1,15.99,15.99,True,Grocery,Beverages & Coffee,2026,2026-05-01,False,,,False,0.0,,False,
113-1819275-5518611,2026-04-02 20:34:34+00:00,Closed,B07FW72LZ4,"365 by Whole Foods Market Roasted Red Pepper Hummus, 8 OZ",1,3.29,3.29,True,Grocery,Produce,2026,2026-04-01,False,,,False,0.0,,False,
113-1819275-5518611,2026-04-02 20:34:34+00:00,Closed,B07FW25ZBJ,"365 by Whole Foods Market Organic Silken Tofu, 16 OZ",1,2.39,2.39,True,Grocery,"Dairy, Eggs & Alt-Protein",2026,2026-04-01,False,,,False,0.0,,False,
113-1819275-5518611,2026-04-02 20:34:34+00:00,Closed,_ASINLESS_,Large Hass Avocados,2,1.79,3.58,True,Grocery,Produce,2026,2026-04-01,False,,,False,0.0,,False,
113-1819275-5518611,2026-04-02 20:34:34+00:00,Closed,B000P6L3J6,PRODUCE Broccoli Crowns,1,2.17,2.17,True,Grocery,Produce,2026,2026-04-01,False,,,False,0.0,,False,
113-1819275-5518611,2026-04-02 20:34:34+00:00,Closed,_ASINLESS_,Organic Green Onion,1,1.89,1.89,True,Grocery,Produce,2026,2026-04-01,False,,,False,0.0,,False,
111-1748290-3113006,2026-03-18 17:34:40.480000+00:00,Cancelled,B0D8N322DK,"Cole Haan Women's Lana Lux Penny Loafers Remastered, Black Leather, 7.5-B US",0,161.87,0.0,False,Clothing & Shoes,,2026,2026-03-01,False,,,False,0.0,,False,
113-5227885-4408203,2026-01-31 20:54:43+00:00,Closed,B07FYYBG8J,PRODUCE Roma Tomato,1,0.44,0.44,True,Grocery,Produce,2026,2026-01-01,False,,,False,0.0,,False,
113-5227885-4408203,2026-01-31 20:54:43+00:00,Closed,B07FZHQ5L8,PRODUCE Organic Green Jalapeno Pepper,1,0.55,0.55,True,Grocery,Produce,2026,2026-01-01,False,,,False,0.0,,False,
113-5227885-4408203,2026-01-31 20:54:43+00:00,Closed,_ASINLESS_,Sweet Onion,1,1.5,1.5,True,Grocery,Produce,2026,2026-01-01,False,,,False,0.0,,False,
113-0585259-8925850,2026-01-28 19:53:38+00:00,Closed,B001W3T2SK,PRODUCE Yellow Onion,1,1.27,1.27,True,Grocery,Produce,2026,2026-01-01,False,,,False,0.0,,False,
113-0585259-8925850,2026-01-28 19:53:38+00:00,Closed,B07FZJ5322,PRODUCE Organic Loose Carrots,1,0.7,0.7,True,Grocery,Produce,2026,2026-01-01,False,,,False,0.0,,False,
113-0585259-8925850,2026-01-28 19:53:38+00:00,Closed,B074VBL8D5,"365 by Whole Foods Market, Salted Butter, 16 Ounce",1,4.39,4.39,True,Grocery,"Dairy, Eggs & Alt-Protein",2026,2026-01-01,False,,,False,0.0,,False,
113-5840032-9321015,2026-01-28 00:01:12+00:00,Closed,_ASINLESS_,Organic Baby Broccoli,2,3.99,7.98,True,Grocery,Produce,2026,2026-01-01,False,,,False,0.0,,False,
113-5840032-9321015,2026-01-28 00:01:12+00:00,Closed,B0D2RRF978,"Ya Oaxaca Chile Pasilla Oaxaqueno Salsa, 12 OZ",1,6.49,6.49,True,Grocery,Pantry & Dry Goods,2026,2026-01-01,False,,,False,0.0,,False,
113-5840032-9321015,2026-01-28 00:01:12+00:00,Closed,B0CH474Z1F,"Whole Foods Market Kitchens Greek-Style Lemon Chicken Meal, 12 OZ",1,9.99,9.99,True,Grocery,Produce,2026,2026-01-01,False,,,False,0.0,,False,
113-5840032-9321015,2026-01-28 00:01:12+00:00,Closed,B071VC94GD,"A2 MILK Whole Milk, 59 FZ",1,4.99,4.99,True,Grocery,"Dairy, Eggs & Alt-Protein",2026,2026-01-01,False,,,False,0.0,,False,
113-5840032-9321015,2026-01-28 00:01:12+00:00,Closed,B07FZ921F3,Whole Foods Market Organic Classic Rotisserie Chicken (Cold),1,11.99,11.99,True,Grocery,Meat & Seafood,2026,2026-01-01,False,,,False,0.0,,False,
113-5840032-9321015,2026-01-28 00:01:12+00:00,Closed,B0CFFMDGBH,"Soli Organic Sage, 0.5 OZ",1,2.99,2.99,True,Grocery,Produce,2026,2026-01-01,False,,,False,0.0,,False,
113-5840032-9321015,2026-01-28 00:01:12+00:00,Closed,B07883H8WX,Pine Manor Chicken Drumsticks,1,5.99,5.99,True,Grocery,Meat & Seafood,2026,2026-01-01,False,,,False,0.0,,False,
113-5840032-9321015,2026-01-28 00:01:12+00:00,Closed,B09FV2F8YX,"Whole Foods Market Kitchens Penne Alla Vodka Meal, 12 OZ",1,10.99,10.99,True,Grocery,Prepared Foods & Bakery,2026,2026-01-01,False,,,False,0.0,,False,
113-0731275-2455404,2026-01-21 19:06:32+00:00,Closed,B0CBCX4THF,"365 By Whole Foods Market, Ground Beef, 80/20, Step 1, 16 Ounce",1,6.99,6.99,True,Grocery,Meat & Seafood,2026,2026-01-01,False,,,False,0.0,,False,
113-0731275-2455404,2026-01-21 19:06:32+00:00,Closed,B0781373KC,"Dubreton Organic Ground Pork, 16 OZ",1,7.49,7.49,True,Grocery,Meat & Seafood,2026,2026-01-01,False,,,False,0.0,,False,
113-0731275-2455404,2026-01-21 19:06:32+00:00,Closed,B0BFG3BHNH,"365 by Whole Foods Market Organic Baby Spinach Salad, 5 OZ",1,3.69,3.69,True,Grocery,Produce,2026,2026-01-01,False,,,False,0.0,,False,
113-0731275-2455404,2026-01-21 19:06:32+00:00,Closed,_ASINLESS_,Baby Bella Mushrooms,1,2.49,2.49,True,Grocery,Produce,2026,2026-01-01,False,,,False,0.0,,False,
113-0731275-2455404,2026-01-21 19:06:32+00:00,Closed,B074VCSHFD,"365 By Whole Foods Market, Organic Low Sodium Chicken Broth, 32 Fz",1,2.79,2.79,True,Grocery,Meat & Seafood,2026,2026-01-01,False,,,False,0.0,,False,
113-0731275-2455404,2026-01-21 19:06:32+00:00,Closed,_ASINLESS_,Organic Blueberries,1,5.99,5.99,True,Grocery,Other Grocery,2026,2026-01-01,False,,,False,0.0,,False,
113-6162761-1316254,2025-12-26 18:23:39+00:00,Closed,B00NU83XZS,"HERO Mango Nectar, 33.8 FZ",1,9.89,9.89,True,Grocery,Produce,2025,2025-12-01,False,,,False,0.0,,False,
112-0682424-8841814,2025-12-19 17:22:28.696000+00:00,Cancelled,B083S85QXQ,"VASAGLE Corner Shelf Wall Mount, 5-Tier Floating Corner Bookshelf, Plant Shelf for Bedroom, Living Room, Bathroom, Home Office, Rustic Brown ULBC72BX",0,25.99,0.0,False,Home & Kitchen,,2025,2025-12-01,False,,,False,0.0,,False,
113-3945311-7165830,2025-12-06 22:52:46+00:00,Closed,B09V3L5ZYM,PRODUCE Pineapple Chunks Small,1,3.79,3.79,True,Grocery,Produce,2025,2025-12-01,False,,,False,0.0,,False,
113-1605262-9154658,2025-10-23 21:46:44+00:00,Closed,B0884W21C1,"Whole Foods Market Kitchens Chicken & Rice Soup, 24 OZ",1,8.49,8.49,True,Grocery,Meat & Seafood,2025,2025-10-01,False,,,False,0.0,,False,
113-1605262-9154658,2025-10-23 21:46:44+00:00,Closed,B000P6L4B8,PRODUCE Organic Japanese Sweet Potato,1,4.13,4.13,True,Grocery,Produce,2025,2025-10-01,False,,,False,0.0,,False,
113-1605262-9154658,2025-10-23 21:46:44+00:00,Closed,B074H4WS2N,"365 by Whole Foods Market, Organic Unsweetened Apple Sauce, 24 Ounce",1,3.19,3.19,True,Grocery,Pantry & Dry Goods,2025,2025-10-01,False,,,False,0.0,,False,
113-1605262-9154658,2025-10-23 21:46:44+00:00,Closed,B0884VYWR3,"Whole Foods Market Kitchens Nana's Chicken Noodle Soup, 24 OZ",1,8.49,8.49,True,Grocery,Meat & Seafood,2025,2025-10-01,False,,,False,0.0,,False,
113-1605262-9154658,2025-10-23 21:46:44+00:00,Closed,B074H51J1K,"365 by Whole Foods Market, Organic Apple Juice, 64 Fl Oz",1,3.79,3.79,True,Grocery,Beverages & Coffee,2025,2025-10-01,False,,,False,0.0,,False,
113-1628407-3005841,2025-10-18 14:02:31+00:00,Closed,B086F5VY1M,"TRADITIONAL MEDICINALS Organic Sweet Orange Fennel Lozenge, 16 CT",1,5.49,5.49,True,Grocery,Other Grocery,2025,2025-10-01,False,,,False,0.0,,False,
113-6919345-7465000,2025-10-15 17:31:18+00:00,Closed,B0FND2KTGN,WFM Market Venue Falafel Beet Sandwich,1,11.99,11.99,True,Grocery,Prepared Foods & Bakery,2025,2025-10-01,False,,,False,0.0,,False,
113-8865850-5966623,2025-09-28 20:58:42+00:00,Closed,_ASINLESS_,Mandarin Bag,1,5.99,5.99,True,Grocery,Produce,2025,2025-09-01,False,,,False,0.0,,False,
113-8865850-5966623,2025-09-28 20:58:42+00:00,Closed,B07VVFJ2F5,"CUVEE COFFEE Stella Cometa Espresso Whole Blend Coffee, 12 OZ",1,13.79,13.79,True,Grocery,Beverages & Coffee,2025,2025-09-01,False,,,False,0.0,,False,
113-1122261-3260243,2025-08-25 21:41:31+00:00,Closed,B099BNTSR2,"PRODUCE White Donut Peach, 16 OZ",1,4.99,4.99,True,Grocery,Produce,2025,2025-08-01,False,,,False,0.0,,False,
113-1122261-3260243,2025-08-25 21:41:31+00:00,Closed,B0BKM2XCHY,"365 by Whole Foods Market, Organic Whole Milk, Lactose Free, 64 Fl Oz",1,4.99,4.99,True,Grocery,"Dairy, Eggs & Alt-Protein",2025,2025-08-01,False,,,False,0.0,,False,
113-1122261-3260243,2025-08-25 21:41:31+00:00,Closed,B07N3FC7L6,"COUNTER CULTURE COFFEE Big Trouble Blend Whole Bean Coffee, 12 OZ",1,13.99,13.99,True,Grocery,Beverages & Coffee,2025,2025-08-01,False,,,False,0.0,,False,
113-1122261-3260243,2025-08-25 21:41:31+00:00,Closed,B000P6H2BY,PRODUCE Italian Parsley Bunch,1,0.99,0.99,True,Grocery,Produce,2025,2025-08-01,False,,,False,0.0,,False,
113-1122261-3260243,2025-08-25 21:41:31+00:00,Closed,_ASINLESS_,Brussels Sprouts,1,2.99,2.99,True,Grocery,Produce,2025,2025-08-01,False,,,False,0.0,,False,
113-9203875-7277030,2025-08-19 16:47:23+00:00,Closed,B0BFCBVBS5,"WHOLE FOODS MARKET Chicken, Goat Cheese & Arugula Sandwich",1,10.99,10.99,True,Grocery,Meat & Seafood,2025,2025-08-01,False,,,False,0.0,,False,
113-3654923-3875402,2025-08-04 21:44:13+00:00,Closed,B07W7FQN7S,"CUVEE COFFEE Colombia Coffee, 12 OZ",1,13.79,13.79,True,Grocery,Beverages & Coffee,2025,2025-08-01,False,,,False,0.0,,False,
113-8584491-9393013,2025-08-04 21:38:44+00:00,Closed,B074VCSHFD,"365 by Whole Foods Market, Organic Low Sodium Chicken Broth, 32 Fl Oz",1,2.79,2.79,True,Grocery,Meat & Seafood,2025,2025-08-01,False,,,False,0.0,,False,
113-8584491-9393013,2025-08-04 21:38:44+00:00,Closed,B074H6QW6C,"365 by Whole Foods Market Organic Firm Tofu, 14 OZ",1,2.49,2.49,True,Grocery,"Dairy, Eggs & Alt-Protein",2025,2025-08-01,False,,,False,0.0,,False,
113-9855189-0813011,2025-07-29 19:35:05+00:00,Closed,B003TQ6IY4,PRODUCE Organic Nectarine,1,5.64,5.64,True,Grocery,Produce,2025,2025-07-01,False,,,False,0.0,,False,
113-4366683-4602653,2025-07-29 02:44:53+00:00,Closed,B0CCYZ1CFH,WHOLE FOODS MARKET Green Beans with Cracked Pepper & Sea Salt,1,6.89,6.89,True,Grocery,Produce,2025,2025-07-01,False,,,False,0.0,,False,
113-4366683-4602653,2025-07-29 02:44:53+00:00,Closed,B09RWSFPD3,WHOLE FOODS MARKET Chocolate Chip Muffin,1,2.75,2.75,True,Grocery,Snacks & Sweets,2025,2025-07-01,False,,,False,0.0,,False,
113-4366683-4602653,2025-07-29 02:44:53+00:00,Closed,B0884VYWR3,"Whole Foods Market Kitchens Nana's Chicken Noodle Soup, 24 OZ",1,8.49,8.49,True,Grocery,Meat & Seafood,2025,2025-07-01,False,,,False,0.0,,False,
111-2484985-9777037,2025-07-08 23:55:00.910000+00:00,Cancelled,B09S8WMJY9,"PETLIBRO Automatic Cat Feeder, 5G WiFi Automatic Dog Feeder with Freshness Preservation, 5L Timed Cat Feeder with Low Food Sensor, Up to 10 Meals Per Day, Granary Pet Feeder for Cats, Black",0,59.49,0.0,False,Electronics & Accessories,,2025,2025-07-01,False,,,False,0.0,,False,
113-3602026-4589014,2025-06-22 21:26:41+00:00,Closed,B000QCNITM,"LACTAID Whole Milk, 64 FZ",1,4.99,4.99,True,Grocery,"Dairy, Eggs & Alt-Protein",2025,2025-06-01,False,,,False,0.0,,False,
113-3602026-4589014,2025-06-22 21:26:41+00:00,Closed,B0014CTCFM,"DE CECCO PASTA Rigatoni No. 24 Pasta, 16 OZ",1,2.99,2.99,True,Grocery,Pantry & Dry Goods,2025,2025-06-01,False,,,False,0.0,,False,
113-3602026-4589014,2025-06-22 21:26:41+00:00,Closed,B074H4WRNG,"365 by Whole Foods Market Organic Baby Spinach Salad, 5 OZ",1,2.99,2.99,True,Grocery,Produce,2025,2025-06-01,False,,,False,0.0,,False,
113-3602026-4589014,2025-06-22 21:26:41+00:00,Closed,_ASINLESS_,Organic Seedless Mini Watermelon,1,5.99,5.99,True,Grocery,Produce,2025,2025-06-01,False,,,False,0.0,,False,
113-3602026-4589014,2025-06-22 21:26:41+00:00,Closed,B08G9XYDNS,"365 by Whole Foods Market, Organic Heavy Cream, 16 Ounce",1,4.29,4.29,True,Grocery,"Dairy, Eggs & Alt-Protein",2025,2025-06-01,False,,,False,0.0,,False,
113-3602026-4589014,2025-06-22 21:26:41+00:00,Closed,B07813VZHR,365 by Whole Foods Market Organic Boneless Skinless Chicken Thighs,1,12.51,12.51,True,Grocery,Meat & Seafood,2025,2025-06-01,False,,,False,0.0,,False,
113-7915362-0464238,2025-06-04 02:05:03+00:00,Closed,B07Q5BN5M9,PRODUCE Shallot,1,0.72,0.72,True,Grocery,Produce,2025,2025-06-01,False,,,False,0.0,,False,
113-7915362-0464238,2025-06-04 02:05:03+00:00,Closed,B0C6V3416T,PRODUCE Organic Ginger Root,1,0.28,0.28,True,Grocery,Produce,2025,2025-06-01,False,,,False,0.0,,False,
113-7915362-0464238,2025-06-04 02:05:03+00:00,Closed,B089PLZ98B,"WHOLE FOODS KITCHENS Chicken Tortilla Soup, 24 OZ",1,8.49,8.49,True,Grocery,Meat & Seafood,2025,2025-06-01,False,,,False,0.0,,False,
113-7915362-0464238,2025-06-04 02:05:03+00:00,Closed,B000QCNITM,"LACTAID Whole Milk, 64 FZ",1,4.99,4.99,True,Grocery,"Dairy, Eggs & Alt-Protein",2025,2025-06-01,False,,,False,0.0,,False,
113-7915362-0464238,2025-06-04 02:05:03+00:00,Closed,B0884XC6W5,"Whole Foods Market, Italian Wedding Soup, 24 Ounce",1,8.49,8.49,True,Grocery,Prepared Foods & Bakery,2025,2025-06-01,False,,,False,0.0,,False,
113-5369214-5359421,2025-05-18 13:21:19+00:00,Closed,B074VD86JG,"365 by Whole Foods Market Canola Cooking Oil, 32 FZ",1,4.99,4.99,True,Grocery,Pantry & Dry Goods,2025,2025-05-01,False,,,False,0.0,,False,
113-5369214-5359421,2025-05-18 13:21:19+00:00,Closed,B00P6EQGW6,"KING ARTHUR Unbleached All-Purpose Flour, 80 OZ",1,5.59,5.59,True,Grocery,Pantry & Dry Goods,2025,2025-05-01,False,,,False,0.0,,False,
113-9211243-3370638,2025-05-17 22:30:34+00:00,Closed,_ASINLESS_,Organic Strawberries,1,6.99,6.99,True,Grocery,Other Grocery,2025,2025-05-01,False,,,False,0.0,,False,
113-9211243-3370638,2025-05-17 22:30:34+00:00,Closed,B09WZB4SWG,PRODUCE Watermelon Quarter,1,3.45,3.45,True,Grocery,Produce,2025,2025-05-01,False,,,False,0.0,,False,
113-9211243-3370638,2025-05-17 22:30:34+00:00,Closed,B000QCNITM,"LACTAID Whole Milk, 64 FZ",1,4.99,4.99,True,Grocery,"Dairy, Eggs & Alt-Protein",2025,2025-05-01,False,,,False,0.0,,False,
113-9211243-3370638,2025-05-17 22:30:34+00:00,Closed,B000NOGKN4,PRODUCE Medium Hass Avocado,2,0.99,1.98,True,Grocery,Produce,2025,2025-05-01,False,,,False,0.0,,False,
113-9211243-3370638,2025-05-17 22:30:34+00:00,Closed,B000P6H29Q,PRODUCE Organic Green Cabbage,1,5.61,5.61,True,Grocery,Produce,2025,2025-05-01,False,,,False,0.0,,False,
113-8310556-9540260,2025-05-04 21:08:47+00:00,Closed,B074H51QPN,"365 by Whole Foods Market Unsalted Dark Red Kidney Beans, 15.5 OZ",1,0.99,0.99,True,Grocery,Pantry & Dry Goods,2025,2025-05-01,False,,,False,0.0,,False,
113-8310556-9540260,2025-05-04 21:08:47+00:00,Closed,B00E3JELZ4,"PRODUCE Organic Carrot Bag, 16 OZ",1,1.49,1.49,True,Grocery,Produce,2025,2025-05-01,False,,,False,0.0,,False,
113-8310556-9540260,2025-05-04 21:08:47+00:00,Closed,B07KQVDPWB,"365 by Whole Foods Market Organic Chicken Broth, 32 FZ",1,2.79,2.79,True,Grocery,Meat & Seafood,2025,2025-05-01,False,,,False,0.0,,False,
113-8310556-9540260,2025-05-04 21:08:47+00:00,Closed,B07PJTJJYN,"365 by Whole Foods Market Organic Omega 3 Large Brown Grade A Eggs 12 Count, 12 CT",1,6.49,6.49,True,Grocery,"Dairy, Eggs & Alt-Protein",2025,2025-05-01,False,,,False,0.0,,False,
113-9494096-8016255,2025-04-29 23:39:50+00:00,Closed,B002B9280S,PRODUCE Green Onion,1,0.69,0.69,True,Grocery,Produce,2025,2025-04-01,False,,,False,0.0,,False,
113-9494096-8016255,2025-04-29 23:39:50+00:00,Closed,_ASINLESS_,Organic Mini Cucumbers,1,4.49,4.49,True,Grocery,Produce,2025,2025-04-01,False,,,False,0.0,,False,
113-9494096-8016255,2025-04-29 23:39:50+00:00,Closed,_ASINLESS_,Organic Mandarin Bag,1,6.99,6.99,True,Grocery,Produce,2025,2025-04-01,False,,,False,0.0,,False,
113-8940132-1794659,2025-04-22 17:27:01+00:00,Closed,B07FZ3VTKC,PREPARED FOODS Hot Bar,1,9.95,9.95,True,Grocery,Prepared Foods & Bakery,2025,2025-04-01,False,,,False,0.0,,False,
113-8940132-1794659,2025-04-22 17:27:01+00:00,Closed,B07FZ3VTKC,PREPARED FOODS Hot Bar,1,14.87,14.87,True,Grocery,Prepared Foods & Bakery,2025,2025-04-01,False,,,False,0.0,,False,
113-7102117-6856258,2025-04-07 01:04:38+00:00,Closed,B0787TJRC2,365 by Whole Foods Market Boneless Skinless Chicken Breast,1,7.97,7.97,True,Grocery,Meat & Seafood,2025,2025-04-01,False,,,False,0.0,,False,
113-7102117-6856258,2025-04-07 01:04:38+00:00,Closed,B074H67LSJ,"365 by Whole Foods Market Organic Restaurant Style White Corn Tortilla Chips Unsalted, 14 OZ",1,3.49,3.49,True,Grocery,Pantry & Dry Goods,2025,2025-04-01,False,,,False,0.0,,False,
113-7102117-6856258,2025-04-07 01:04:38+00:00,Closed,_ASINLESS_,Organic Mandarin Bag,1,6.99,6.99,True,Grocery,Produce,2025,2025-04-01,False,,,False,0.0,,False,
113-7102117-6856258,2025-04-07 01:04:38+00:00,Closed,B001W3T2SK,PRODUCE Yellow Onion,1,1.06,1.06,True,Grocery,Produce,2025,2025-04-01,False,,,False,0.0,,False,
113-4061216-7416234,2025-04-03 23:02:57+00:00,Closed,B086HNNBR6,"365 by Whole Foods Market Organic Amelie Mango, 8 OZ",1,7.99,7.99,True,Grocery,Produce,2025,2025-04-01,False,,,False,0.0,,False,
113-4061216-7416234,2025-04-03 23:02:57+00:00,Closed,B074H51QPN,"365 by Whole Foods Market Unsalted Dark Red Kidney Beans, 15.5 OZ",1,0.99,0.99,True,Grocery,Pantry & Dry Goods,2025,2025-04-01,False,,,False,0.0,,False,
113-4033082-6647437,2025-03-28 20:26:09+00:00,Closed,_ASINLESS_,Yellow Mango,4,1.69,6.76,True,Grocery,Produce,2025,2025-03-01,False,,,False,0.0,,False,
113-4033082-6647437,2025-03-28 20:26:09+00:00,Closed,_ASINLESS_,Lemons,2,0.69,1.38,True,Grocery,Produce,2025,2025-03-01,False,,,False,0.0,,False,
113-4033082-6647437,2025-03-28 20:26:09+00:00,Closed,B07FW8QN5B,"GREEN VALLEY CREAMERY Organic Plain Whole Milk Lactose Free Yogurt, 24 OZ",1,7.29,7.29,True,Grocery,"Dairy, Eggs & Alt-Protein",2025,2025-03-01,False,,,False,0.0,,False,
113-4033082-6647437,2025-03-28 20:26:09+00:00,Closed,B0DKR6HJQJ,"Poppi Classics Variety Prebiotic Soda 8pk, 12 FZ",1,17.99,17.99,True,Grocery,Beverages & Coffee,2025,2025-03-01,False,,,False,0.0,,False,
113-4033082-6647437,2025-03-28 20:26:09+00:00,Closed,B0BFG3BHNH,"365 by Whole Foods Market Organic Baby Spinach Salad, 5 OZ",1,3.69,3.69,True,Grocery,Produce,2025,2025-03-01,False,,,False,0.0,,False,
113-4033082-6647437,2025-03-28 20:26:09+00:00,Closed,B000NOGKN4,PRODUCE Medium Hass Avocado,1,0.99,0.99,True,Grocery,Produce,2025,2025-03-01,False,,,False,0.0,,False,
113-4033082-6647437,2025-03-28 20:26:09+00:00,Closed,B002B9280S,PRODUCE Green Onion,1,0.69,0.69,True,Grocery,Produce,2025,2025-03-01,False,,,False,0.0,,False,
113-4033082-6647437,2025-03-28 20:26:09+00:00,Closed,_ASINLESS_,Organic Mandarin Bag,1,6.99,6.99,True,Grocery,Produce,2025,2025-03-01,False,,,False,0.0,,False,
113-4617310-6853818,2025-02-23 17:49:03+00:00,Closed,B07814HF9W,"Poppi Lime Ginger Prebiotic Soda, 12 FZ",1,2.49,2.49,True,Grocery,Produce,2025,2025-02-01,False,,,False,0.0,,False,
113-4617310-6853818,2025-02-23 17:49:03+00:00,Closed,B0CQ8SDM5K,"Poppi Lemon Lime Prebiotic Soda 12FZ, 12 FZ",1,2.49,2.49,True,Grocery,Produce,2025,2025-02-01,False,,,False,0.0,,False,
113-6813455-5145020,2025-01-17 19:28:27+00:00,Closed,B08KX7PS3D,"BUBBIES MOCHI Green Tea Mochi Ice Cream, 1.25 OZ",1,2.0,2.0,True,Grocery,"Dairy, Eggs & Alt-Protein",2025,2025-01-01,False,,,False,0.0,,False,
113-6813455-5145020,2025-01-17 19:28:27+00:00,Closed,B08L93GS8T,"BUBBIES MOCHI Triple Chocolate Mochi Ice Cream, 1.25 OZ",1,2.0,2.0,True,Grocery,"Dairy, Eggs & Alt-Protein",2025,2025-01-01,False,,,False,0.0,,False,
113-3104579-1282652,2025-01-09 02:27:06+00:00,Closed,B0CBCX4THF,"365 by Whole Foods Market Ground Beef 80% Lean/20% Fat, 16 OZ",1,5.99,5.99,True,Grocery,Meat & Seafood,2025,2025-01-01,False,,,False,0.0,,False,
113-3104579-1282652,2025-01-09 02:27:06+00:00,Closed,_ASINLESS_,English Cucumbers,1,1.89,1.89,True,Grocery,Produce,2025,2025-01-01,False,,,False,0.0,,False,
113-3104579-1282652,2025-01-09 02:27:06+00:00,Closed,_ASINLESS_,Organic Green Seedless Grapes,1,9.33,9.33,True,Grocery,Produce,2025,2025-01-01,False,,,False,0.0,,False,
113-3104579-1282652,2025-01-09 02:27:06+00:00,Closed,B002B9280S,PRODUCE Green Onion,1,0.69,0.69,True,Grocery,Produce,2025,2025-01-01,False,,,False,0.0,,False,
113-3104579-1282652,2025-01-09 02:27:06+00:00,Closed,B0BKM2XCHY,"365 by Whole Foods Market Organic Lactose Free Whole Milk, 64 FZ",1,4.69,4.69,True,Grocery,"Dairy, Eggs & Alt-Protein",2025,2025-01-01,False,,,False,0.0,,False,
113-3104579-1282652,2025-01-09 02:27:06+00:00,Closed,B0787WHRNP,365 by Whole Foods Market Boneless Skinless Chicken Thighs,1,8.4,8.4,True,Grocery,Meat & Seafood,2025,2025-01-01,False,,,False,0.0,,False,
113-3104579-1282652,2025-01-09 02:27:06+00:00,Closed,B001W3T2SK,PRODUCE Yellow Onion,1,0.98,0.98,True,Grocery,Produce,2025,2025-01-01,False,,,False,0.0,,False,
113-3104579-1282652,2025-01-09 02:27:06+00:00,Closed,B0D1HQFG5Q,"365 by Whole Foods Market Halved Brussels Sprouts, 12 OZ",1,3.49,3.49,True,Grocery,Produce,2025,2025-01-01,False,,,False,0.0,,False,
113-3104579-1282652,2025-01-09 02:27:06+00:00,Closed,B0914QK3GX,"365 by Whole Foods Market 365 Hot Italian Pork Sausage, 16 OZ",1,5.99,5.99,True,Grocery,Produce,2025,2025-01-01,False,,,False,0.0,,False,
113-3213528-1322624,2024-11-21 22:41:47+00:00,Closed,B000RH1NGG,PRODUCE Organic Shallots,1,1.05,1.05,True,Grocery,Produce,2024,2024-11-01,False,,,False,0.0,,False,
113-3213528-1322624,2024-11-21 22:41:47+00:00,Closed,B07N7XD8N2,"DIVINA Chopped Calabrian Peppers, 10.2 OZ",1,8.79,8.79,True,Grocery,Produce,2024,2024-11-01,False,,,False,0.0,,False,
113-3213528-1322624,2024-11-21 22:41:47+00:00,Closed,B07NRC969Z,"365 by Whole Foods Market Cod Fillet, 32 OZ",1,24.99,24.99,True,Grocery,Meat & Seafood,2024,2024-11-01,False,,,False,0.0,,False,
113-3202057-5978605,2024-09-24 01:31:47+00:00,Closed,B07814K9R3,"Kikka Sushi Tiger Roll, 8 OZ",1,15.49,15.49,True,Grocery,Prepared Foods & Bakery,2024,2024-09-01,False,,,False,0.0,,False,
113-9401788-1382668,2024-08-14 15:45:28.618000+00:00,Cancelled,B08PPBQM23,"Apple iPhone 12, 64GB, White - Fully Unlocked (Renewed)",0,284.61,0.0,False,Electronics & Accessories,,2024,2024-08-01,False,,,False,0.0,,False,
113-7720383-9228237,2024-07-13 18:09:40+00:00,Closed,B07GT7S6DS,"Violife Just Like Feta Block, 8.1 OZ",1,6.29,6.29,True,Grocery,"Dairy, Eggs & Alt-Protein",2024,2024-07-01,False,,,False,0.0,,False,
113-7720383-9228237,2024-07-13 18:09:40+00:00,Closed,B07ZDTK5KV,"365 by Whole Foods Market Cotija Cheese, 4 OZ",1,2.99,2.99,True,Grocery,"Dairy, Eggs & Alt-Protein",2024,2024-07-01,False,,,False,0.0,,False,
113-7720383-9228237,2024-07-13 18:09:40+00:00,Closed,B074H64C5R,"365 by Whole Foods Market Organic Mayonnaise, 11.2 FZ",1,3.49,3.49,True,Grocery,Pantry & Dry Goods,2024,2024-07-01,False,,,False,0.0,,False,
113-7720383-9228237,2024-07-13 18:09:40+00:00,Closed,B0BKNVJ8G9,"365 by Whole Foods Market Mayo Dressing & Spread, 9.5 FZ",1,3.99,3.99,True,Grocery,Pantry & Dry Goods,2024,2024-07-01,False,,,False,0.0,,False,
113-0648337-2604253,2024-06-20 16:43:20.709000+00:00,Cancelled,B06X15H5RH,"Nulo Freestyle Cat & Kitten Wet Pate Canned Cat Food, Premium All Natural Grain-Free, with 5 High Animal-Based Proteins and Vitamins to Support a Healthy Immune System and Lifestyle",0,41.42,0.0,False,Pet Supplies,,2024,2024-06-01,False,,,False,0.0,,False,
113-7487908-4312225,2024-03-31 17:52:26+00:00,Closed,B09K4QDQQG,"Health Ade Organic Pomegranate Kombucha, 48 FZ",1,8.99,8.99,True,Grocery,Beverages & Coffee,2024,2024-03-01,False,,,False,0.0,,False,
113-7487908-4312225,2024-03-31 17:52:26+00:00,Closed,B0BKM2XCHY,"365 by Whole Foods Market Organic Lactose Free Whole Milk, 64 FZ",1,4.79,4.79,True,Grocery,"Dairy, Eggs & Alt-Protein",2024,2024-03-01,False,,,False,0.0,,False,
113-7487908-4312225,2024-03-31 17:52:26+00:00,Closed,B0126UNN9Q,"RICESELECT Arborio Rice, 32 OZ",1,7.99,7.99,True,Grocery,Pantry & Dry Goods,2024,2024-03-01,False,,,False,0.0,,False,
113-7487908-4312225,2024-03-31 17:52:26+00:00,Closed,B074H5ZHG1,"365 by Whole Foods Market Green Peas, 16 OZ",1,2.29,2.29,True,Grocery,Produce,2024,2024-03-01,False,,,False,0.0,,False,
113-7487908-4312225,2024-03-31 17:52:26+00:00,Closed,B071HH42FZ,"KITCHEN BASICS Organic Free Range Chicken Stock, 32 OZ",1,4.79,4.79,True,Grocery,Meat & Seafood,2024,2024-03-01,False,,,False,0.0,,False,
113-0515652-8182639,2024-03-07 21:57:56+00:00,Closed,B074VD86JG,"365 by Whole Foods Market Canola Cooking Oil, 32 FZ",1,5.69,5.69,True,Grocery,Pantry & Dry Goods,2024,2024-03-01,False,,,False,0.0,,False,
113-0515652-8182639,2024-03-07 21:57:56+00:00,Closed,B07FYGYDPT,"Whole Foods Market Orange Juice 16fz, 16 FZ",1,4.99,4.99,True,Grocery,Beverages & Coffee,2024,2024-03-01,False,,,False,0.0,,False,
113-0515652-8182639,2024-03-07 21:57:56+00:00,Closed,B07FZJ5322,PRODUCE Organic Loose Carrots,1,1.04,1.04,True,Grocery,Produce,2024,2024-03-01,False,,,False,0.0,,False,
113-6221963-7424218,2024-02-08 22:05:27+00:00,Closed,B07811T3XZ,Whole Foods Market Cinnamon Raisin Pan Loaf,1,5.49,5.49,True,Grocery,Prepared Foods & Bakery,2024,2024-02-01,False,,,False,0.0,,False,
113-6221963-7424218,2024-02-08 22:05:27+00:00,Closed,B0050PRKHQ,PRODUCE Organic Cara Cara Red Navel Orange,1,5.68,5.68,True,Grocery,Produce,2024,2024-02-01,False,,,False,0.0,,False,
113-6221963-7424218,2024-02-08 22:05:27+00:00,Closed,B07FYYKKQK,PRODUCE Test Banana,1,0.7,0.7,True,Grocery,Produce,2024,2024-02-01,False,,,False,0.0,,False,
113-6221963-7424218,2024-02-08 22:05:27+00:00,Closed,_ASINLESS_,Large Hass Avocados,1,1.89,1.89,True,Grocery,Produce,2024,2024-02-01,False,,,False,0.0,,False,
113-3755616-9533060,2023-12-23 22:32:22+00:00,Closed,B07G64RN99,BAKERY Macaron,3,2.49,7.47,True,Grocery,Prepared Foods & Bakery,2023,2023-12-01,False,,,False,0.0,,False,
113-3755616-9533060,2023-12-23 22:32:22+00:00,Closed,B07HLYQ8LJ,BAKERY Cheesecake Slice,1,4.49,4.49,True,Grocery,"Dairy, Eggs & Alt-Protein",2023,2023-12-01,False,,,False,0.0,,False,
112-4478821-7133058,2023-12-08 18:11:32+00:00,Cancelled,B0C2HHMFJQ,"Bonsai Tree kit -NIFSEL Bonsai Growing Kit - Complete Starter kit, 5 Types of Trees - Culture Medium, Plant Marker, Burlap Pots - Indoor Garden Gardening - Unique Garden Gift, Housewarming Present",0,14.98,0.0,False,Outdoors & Sporting,,2023,2023-12-01,False,,,False,0.0,,False,
113-9860220-3592204,2023-10-16 23:57:24+00:00,Closed,_ASINLESS_,Organic Blackberries,1,4.49,4.49,True,Grocery,Other Grocery,2023,2023-10-01,False,,,False,0.0,,False,
113-9860220-3592204,2023-10-16 23:57:24+00:00,Closed,B07NSRNFZK,"365 by Whole Foods Market Organic Thick & Chunky Medium Salsa, 16 OZ",1,4.39,4.39,True,Grocery,Pantry & Dry Goods,2023,2023-10-01,False,,,False,0.0,,False,
113-9860220-3592204,2023-10-16 23:57:24+00:00,Closed,B074H5SSG4,"365 by Whole Foods Market Organic Blue Corn Tortilla Chips, 12 OZ",1,3.49,3.49,True,Grocery,Pantry & Dry Goods,2023,2023-10-01,False,,,False,0.0,,False,
113-2089914-6638607,2023-04-18 17:18:22+00:00,Closed,B09RX1LV29,Whole Foods Market Toasted Turkey & Brie,1,9.0,9.0,True,Grocery,Other Grocery,2023,2023-04-01,False,,,False,0.0,,False,
113-2595846-6852245,2022-12-14 00:13:01+00:00,Closed,B000QSFW4A,"KING ARTHUR Unbleached Bread Flour, 80 OZ",1,7.69,7.69,True,Grocery,Prepared Foods & Bakery,2022,2022-12-01,False,,,False,0.0,,False,
113-2595846-6852245,2022-12-14 00:13:01+00:00,Closed,B074H6YNLJ,"365 by Whole Foods Market Organic Extra Virgin Mediterranean Olive Oil, 16.9 FZ",1,5.69,5.69,True,Grocery,Pantry & Dry Goods,2022,2022-12-01,False,,,False,0.0,,False,
113-2595846-6852245,2022-12-14 00:13:01+00:00,Closed,B088546RH9,"Whole Foods Market Minestrone Soup, 24 OZ",1,8.49,8.49,True,Grocery,Prepared Foods & Bakery,2022,2022-12-01,False,,,False,0.0,,False,
113-2595846-6852245,2022-12-14 00:13:01+00:00,Closed,B0787CVDNB,"MOUNT OLIVE Organic Baby Dills, 16 FZ",1,4.39,4.39,True,Grocery,Pantry & Dry Goods,2022,2022-12-01,False,,,False,0.0,,False,
113-2595846-6852245,2022-12-14 00:13:01+00:00,Closed,B000P6H2JG,PRODUCE Red Seedless Grapes,1,4.52,4.52,True,Grocery,Produce,2022,2022-12-01,False,,,False,0.0,,False,
113-2595846-6852245,2022-12-14 00:13:01+00:00,Closed,B07G5R2L3V,CUSTOMER SERVICES Byo Reusable Bag Refund,1,0.0,0.0,True,Grocery,Non-item (fee/refund),2022,2022-12-01,False,,,False,0.0,,False,
113-2595846-6852245,2022-12-14 00:13:01+00:00,Closed,B07KXMYD81,"365 by Whole Foods Market Almond Nog, 32 FZ",1,5.29,5.29,True,Grocery,Pantry & Dry Goods,2022,2022-12-01,False,,,False,0.0,,False,
113-2595846-6852245,2022-12-14 00:13:01+00:00,Closed,B009Z2OAO6,"Clif Chocolate Chip 6 Count, 2.4 OZ",1,8.49,8.49,True,Grocery,Snacks & Sweets,2022,2022-12-01,False,,,False,0.0,,False,
112-4085476-1127468,2022-12-05 19:35:03.885000+00:00,Cancelled,B09Z4PN7H8,Caseology Parallax [Military Grade Drop Tested] Designed for Google Pixel 7 Case (2022) - Sage Green,0,17.99,0.0,False,Electronics & Accessories,,2022,2022-12-01,False,,,False,0.0,,False,
112-8503975-3310627,2022-08-30 21:25:08.864000+00:00,Cancelled,B08SQX65CN,"Zakkart Cat Window Perch - 100% Metal Supported from Below - Comes with Warm Spacious Pet Bed - Cat Window Hammock for Large Cats & Kittens - for Sunbathing, Napping & Overlooking (White)",0,39.99,0.0,False,Pet Supplies,,2022,2022-08-01,False,,,False,0.0,,False,
114-4559187-5105051,2022-06-14 18:28:11+00:00,Closed,B09KXT1HLH,Amazon eGift Card - Milestone Happy Birthday Cupcake,1,50.0,50.0,False,Other,,2022,2022-06-01,False,,,False,0.0,,False,
113-2721912-7219437,2022-03-06 00:32:31+00:00,Closed,B079L9V4W3,POINT REYES FARMSTEAD Toma,1,7.26,7.26,True,Grocery,Beverages & Coffee,2022,2022-03-01,False,,,False,0.0,,False,
113-2721912-7219437,2022-03-06 00:32:31+00:00,Closed,B08GGNJRXV,"The Sourdough Project Whole Wheat Sourdough Crackers, 6 OZ",1,8.49,8.49,True,Grocery,Snacks & Sweets,2022,2022-03-01,False,,,False,0.0,,False,
113-2721912-7219437,2022-03-06 00:32:31+00:00,Closed,B07DWCZ7KR,Divina Olives Stuffed with Sun Dried Tomato,1,5.39,5.39,True,Grocery,Produce,2022,2022-03-01,False,,,False,0.0,,False,
113-2721912-7219437,2022-03-06 00:32:31+00:00,Closed,B08HMX3K4Q,"Bold Wine Co. Cabernet Sauvignon, 750 ML",1,17.99,17.99,True,Grocery,Alcohol,2022,2022-03-01,False,,,False,0.0,,False,
113-2721912-7219437,2022-03-06 00:32:31+00:00,Closed,_ASINLESS_,Valpolicella,1,23.99,23.99,True,Grocery,Alcohol,2022,2022-03-01,False,,,False,0.0,,False,
113-2721912-7219437,2022-03-06 00:32:31+00:00,Closed,B07D4QXKSJ,Mitica Marcona Almonds,1,13.79,13.79,True,Grocery,Pantry & Dry Goods,2022,2022-03-01,False,,,False,0.0,,False,
113-8831493-3845062,2022-02-18 02:11:55+00:00,Closed,B07RV2JBV1,BEER (GENERAL) Single Beer $2.49,1,2.49,2.49,True,Grocery,Alcohol,2022,2022-02-01,False,,,False,0.0,,False,
113-8831493-3845062,2022-02-18 02:11:55+00:00,Closed,B07GLC44RF,"Kikka Sushi Salmon Burrito, 5 OZ",1,12.49,12.49,True,Grocery,Meat & Seafood,2022,2022-02-01,False,,,False,0.0,,False,
113-1607074-1741048,2022-01-03 16:57:52+00:00,Closed,B07FYYKKQK,PRODUCE Banana,1,0.65,0.65,True,Grocery,Produce,2022,2022-01-01,False,,,False,0.0,,False,
113-1607074-1741048,2022-01-03 16:57:52+00:00,Closed,B07NSQ98R4,"365 by WFM Lactose Free Whole Milk, 64 FZ",1,3.79,3.79,True,Grocery,"Dairy, Eggs & Alt-Protein",2022,2022-01-01,False,,,False,0.0,,False,
113-1607074-1741048,2022-01-03 16:57:52+00:00,Closed,B081G3KSZQ,"STUMPTOWN COFFEE ROASTERS Original Oatly Cold Brew Coffee, 11 FZ",1,3.79,3.79,True,Grocery,Beverages & Coffee,2022,2022-01-01,False,,,False,0.0,,False,
113-1607074-1741048,2022-01-03 16:57:52+00:00,Closed,B075LL1TW3,"Waterloo Sparkling Water Grapefruit Sparkling Water, 12 FZ",1,6.49,6.49,True,Grocery,Produce,2022,2022-01-01,False,,,False,0.0,,False,
113-1607074-1741048,2022-01-03 16:57:52+00:00,Closed,B074H54XMM,"365 by WFM Organic Baby Spinach, 16 OZ",1,5.49,5.49,True,Grocery,Produce,2022,2022-01-01,False,,,False,0.0,,False,
113-1607074-1741048,2022-01-03 16:57:52+00:00,Closed,B07NSTKQQQ,"Whole Foods Market Green Aid 16fz, 16 FZ",1,6.99,6.99,True,Grocery,Other Grocery,2022,2022-01-01,False,,,False,0.0,,False,
112-3049001-2951460,2021-12-29 18:23:45+00:00,Cancelled,B002WETUZ8,"SHOYEIDO Pride of Kyoto Premium Incense, 35 Sticks - Kyo-jiman",0,19.97,0.0,False,Home & Kitchen,,2021,2021-12-01,False,,,False,0.0,,False,
112-3049001-2951460,2021-12-29 18:23:45+00:00,Cancelled,B07G9XMDHR,Minorien Japanese Sandalwood Incense Sticks Fuin Byakudan Medium Pack (155 Stick) - 5.3 inches - Made in Japan,0,24.7,0.0,False,Home & Kitchen,,2021,2021-12-01,False,,,False,0.0,,False,
111-9860908-5625000,2021-12-21 16:06:40+00:00,Cancelled,0008501386,"It's Fine, It's Fine, It's Fine: It's Not",0,27.99,0.0,False,Books & Media,,2021,2021-12-01,False,,,False,0.0,,False,
113-8431622-1446651,2021-12-06 22:59:37+00:00,Closed,B081DKFZFY,"LA COLOMBE Original Draft Latte With Oatmilk, 9 FZ",1,3.49,3.49,True,Grocery,"Dairy, Eggs & Alt-Protein",2021,2021-12-01,False,,,False,0.0,,False,
113-8431622-1446651,2021-12-06 22:59:37+00:00,Closed,B074H5SSG4,"365 by WFM Organic Blue Corn Tortilla Chips, 12 OZ",1,2.99,2.99,True,Grocery,Pantry & Dry Goods,2021,2021-12-01,False,,,False,0.0,,False,
113-8431622-1446651,2021-12-06 22:59:37+00:00,Closed,B01M1CL2QR,"Evolution Fresh Organic Green Devotion Juice, 15.2 FZ",1,4.99,4.99,True,Grocery,Beverages & Coffee,2021,2021-12-01,False,,,False,0.0,,False,
113-8431622-1446651,2021-12-06 22:59:37+00:00,Closed,B009723R7A,"Evolution Fresh Organic Essential Greens Juice, 15.2 FZ",1,4.99,4.99,True,Grocery,Beverages & Coffee,2021,2021-12-01,False,,,False,0.0,,False,
113-8431622-1446651,2021-12-06 22:59:37+00:00,Closed,B07FYYKKQK,PRODUCE Banana,1,0.49,0.49,True,Grocery,Produce,2021,2021-12-01,False,,,False,0.0,,False,
113-8431622-1446651,2021-12-06 22:59:37+00:00,Closed,B014JS36PY,"Evolution Fresh Organic Sweet Greens And Ginger Juice, 15.2 FZ",1,4.99,4.99,True,Grocery,Beverages & Coffee,2021,2021-12-01,False,,,False,0.0,,False,
113-8431622-1446651,2021-12-06 22:59:37+00:00,Closed,B07NR3WT8Y,"GREENLEAF NURSERY Blue Point Juniper 8inch, 1 EA",1,14.99,14.99,True,Grocery,Other Grocery,2021,2021-12-01,False,,,False,0.0,,False,
113-7161809-4553801,2021-10-30 01:34:25+00:00,Closed,B01N5243LM,"BLUE BOTTLE COFFEE Organic Bright Cold Brew Coffee, 8 FZ",1,3.99,3.99,True,Grocery,Beverages & Coffee,2021,2021-10-01,False,,,False,0.0,,False,
113-7161809-4553801,2021-10-30 01:34:25+00:00,Closed,B07811D818,"ENFUSIA Bath Bomb Bulk Assorted, 6.5 OZ",1,4.99,4.99,True,Grocery,Other Grocery,2021,2021-10-01,False,,,False,0.0,,False,
113-5793507-4414637,2021-10-27 00:22:53+00:00,Closed,B000P7188G,PRODUCE Kale,1,1.89,1.89,True,Grocery,Produce,2021,2021-10-01,False,,,False,0.0,,False,
113-5793507-4414637,2021-10-27 00:22:53+00:00,Closed,B07LFB2NMC,"RISE BREWING CO Organic Oat Milk Latte Nitro Cold Brew Coffee, 7 FZ",1,2.99,2.99,True,Grocery,"Dairy, Eggs & Alt-Protein",2021,2021-10-01,False,,,False,0.0,,False,
113-5793507-4414637,2021-10-27 00:22:53+00:00,Closed,B074J7QC9F,"365 by WFM Organic Cracked Pepper Water Crackers, 4.4 OZ",1,2.39,2.39,True,Grocery,Produce,2021,2021-10-01,False,,,False,0.0,,False,
113-0223170-8516263,2021-10-23 01:47:06+00:00,Closed,B014JS36PY,"Evolution Fresh Organic Sweet Greens And Ginger Juice, 15.2 FZ",1,4.99,4.99,True,Grocery,Beverages & Coffee,2021,2021-10-01,False,,,False,0.0,,False,
113-0223170-8516263,2021-10-23 01:47:06+00:00,Closed,B01M1CL2QR,"Evolution Fresh Organic Green Devotion Juice, 15.2 FZ",1,4.99,4.99,True,Grocery,Beverages & Coffee,2021,2021-10-01,False,,,False,0.0,,False,
113-0223170-8516263,2021-10-23 01:47:06+00:00,Closed,B009723R7A,"Evolution Fresh Organic Essential Greens Juice, 15.2 FZ",1,4.99,4.99,True,Grocery,Beverages & Coffee,2021,2021-10-01,False,,,False,0.0,,False,
113-1621903-8789811,2021-10-18 01:52:01+00:00,Closed,B07FZ72ZCZ,PRODUCE Baby White Pumpkin,1,0.99,0.99,True,Grocery,Produce,2021,2021-10-01,False,,,False,0.0,,False,
113-1621903-8789811,2021-10-18 01:52:01+00:00,Closed,B07GKYBZ72,PRODUCE Mini Pumpkin,1,0.99,0.99,True,Grocery,Produce,2021,2021-10-01,False,,,False,0.0,,False,
113-1621903-8789811,2021-10-18 01:52:01+00:00,Closed,B07XZRJFYY,"PRODUCE Bagged Gourd Squash 5 Count, 5 CT",1,5.99,5.99,True,Grocery,Produce,2021,2021-10-01,False,,,False,0.0,,False,
113-8908208-6729013,2021-09-24 23:10:41+00:00,Closed,B071NG4M73,"SUJA Organic Uber Greens Drink, 12 FZ",1,3.99,3.99,True,Grocery,Other Grocery,2021,2021-09-01,False,,,False,0.0,,False,
113-8908208-6729013,2021-09-24 23:10:41+00:00,Closed,B08T49P5RF,"SUJA Twelve Essentials Juice, 12 FZ",1,3.99,3.99,True,Grocery,Beverages & Coffee,2021,2021-09-01,False,,,False,0.0,,False,
113-8908208-6729013,2021-09-24 23:10:41+00:00,Closed,B07FW72LZ4,"365 by WFM Roasted Red Pepper Hummus, 8 OZ",1,2.79,2.79,True,Grocery,Produce,2021,2021-09-01,False,,,False,0.0,,False,
113-8908208-6729013,2021-09-24 23:10:41+00:00,Closed,B07811LH2S,"KOSMIC KOMBUCHA Salty Dog, 18 FZ",1,3.99,3.99,True,Grocery,Beverages & Coffee,2021,2021-09-01,False,,,False,0.0,,False,
113-8590636-4190622,2021-09-21 00:54:39+00:00,Closed,B074PYKW14,"LA COLOMBE Draft Latte Triple, 9 FZ",1,11.49,11.49,True,Grocery,Beverages & Coffee,2021,2021-09-01,False,,,False,0.0,,False,
113-8590636-4190622,2021-09-21 00:54:39+00:00,Closed,B000P6H2DM,PRODUCE Organic Green Kale,1,1.99,1.99,True,Grocery,Produce,2021,2021-09-01,False,,,False,0.0,,False,
113-8590636-4190622,2021-09-21 00:54:39+00:00,Closed,B07G5DVY89,CUSTOMER SERVICES Bag Refund,1,0.0,0.0,True,Grocery,Non-item (fee/refund),2021,2021-09-01,False,,,False,0.0,,False,
113-8590636-4190622,2021-09-21 00:54:39+00:00,Closed,B009723R7A,"Evolution Fresh Organic Essential Greens Juice, 15.2 FZ",1,4.99,4.99,True,Grocery,Beverages & Coffee,2021,2021-09-01,False,,,False,0.0,,False,
113-8590636-4190622,2021-09-21 00:54:39+00:00,Closed,B08RRHH954,"CHAMELEON COLD BREW Organic Maple Oat Milk Latte, 11 FZ",1,2.99,2.99,True,Grocery,"Dairy, Eggs & Alt-Protein",2021,2021-09-01,False,,,False,0.0,,False,
113-8590636-4190622,2021-09-21 00:54:39+00:00,Closed,B07G7L3MZB,SEAFOOD Caribbean Salmon Meal,1,17.26,17.26,True,Grocery,Meat & Seafood,2021,2021-09-01,False,,,False,0.0,,False,
113-8590636-4190622,2021-09-21 00:54:39+00:00,Closed,B01M1CL2QR,"Evolution Fresh Organic Green Devotion Juice, 15.2 FZ",1,4.99,4.99,True,Grocery,Beverages & Coffee,2021,2021-09-01,False,,,False,0.0,,False,
113-8590636-4190622,2021-09-21 00:54:39+00:00,Closed,B07FZKXXYN,PRODUCE Organic Pineapple Chunks,1,5.6,5.6,True,Grocery,Produce,2021,2021-09-01,False,,,False,0.0,,False,
113-4533428-4206612,2021-09-19 02:02:35+00:00,Closed,_ASINLESS_,Garlic Shrimp Stir Fry Meal,1,7.64,7.64,True,Grocery,Produce,2021,2021-09-01,False,,,False,0.0,,False,
113-4533428-4206612,2021-09-19 02:02:35+00:00,Closed,_ASINLESS_,Garlic Salmon Stir Fry Meal,1,10.88,10.88,True,Grocery,Produce,2021,2021-09-01,False,,,False,0.0,,False,
113-4533428-4206612,2021-09-19 02:02:35+00:00,Closed,B07FZ22D4R,SEAFOOD Peel & Eat Cajun Style Shrimp,1,8.55,8.55,True,Grocery,Meat & Seafood,2021,2021-09-01,False,,,False,0.0,,False,
112-9457128-4009820,2021-06-16 22:06:32+00:00,Cancelled,B001ANQVYU,"Sawyer Products SP657 Premium Permethrin Insect Repellent for Clothing, Gear & Tents, Trigger Spray, 24-Ounce",0,14.99,0.0,False,Health & Beauty,,2021,2021-06-01,False,,,False,0.0,,False,
113-6463425-2886640,2021-06-07 19:03:15+00:00,Cancelled,B07SJPMXXG,"Nulo Adult & Kitten Grain Free Canned Wet Cat Food 3 Flavors (Turkey, Duck, & Salmon) - 12.5 oz, Case of 12",0,38.49,0.0,False,Pet Supplies,,2021,2021-06-01,False,,,False,0.0,,False,
113-2833263-0539418,2021-06-04 21:54:27+00:00,Closed,B000QSFW4A,"KING ARTHUR Unbleached Bread Flour, 80 OZ",1,6.39,6.39,True,Grocery,Prepared Foods & Bakery,2021,2021-06-01,False,,,False,0.0,,False,
113-2833263-0539418,2021-06-04 21:54:27+00:00,Closed,B07G5R2L3V,CUSTOMER SERVICES Byo Reusable Bag Refund,1,0.0,0.0,True,Grocery,Non-item (fee/refund),2021,2021-06-01,False,,,False,0.0,,False,
113-2833263-0539418,2021-06-04 21:54:27+00:00,Closed,B074Y6X1HN,"365 by WFM Lime Sparkling Water, 12 FZ",1,4.49,4.49,True,Grocery,Produce,2021,2021-06-01,False,,,False,0.0,,False,
113-2833263-0539418,2021-06-04 21:54:27+00:00,Closed,B079MGBT5T,PRODUCE Pineapple Chunks,1,4.94,4.94,True,Grocery,Produce,2021,2021-06-01,False,,,False,0.0,,False,
111-1318726-7741841,2021-02-08 17:35:19+00:00,Cancelled,B06WV774HB,"Nulo Grain Free Canned Wet Cat Food (Turkey & Chicken, 12.5 oz, Case of 12)",0,38.28,0.0,False,Pet Supplies,,2021,2021-02-01,False,,,False,0.0,,False,
113-1909493-8794652,2020-10-17 20:16:10+00:00,Cancelled,B08529D1TT,"New Balance Womens' 880v10 Running Shoes (Black/White, Numeric_7_Point_5)",0,129.95,0.0,False,Clothing & Shoes,,2020,2020-10-01,False,,,False,0.0,,False,
112-1382570-1870622,2020-01-30 03:00:02+00:00,Closed,1501173219,All the Light We Cannot See: A Novel,1,10.05,10.88,False,Books & Media,,2020,2020-01-01,False,,,False,0.0,,False,
112-4843909-9232220,2019-09-01 00:37:18+00:00,Cancelled,B079HKD374,"Novogratz Concord Turntable Stand, White",0,69.61,0.0,False,Electronics & Accessories,,2019,2019-09-01,False,,,False,0.0,,False,
112-0736043-9357860,2019-09-01 00:37:18+00:00,Cancelled,B0035YEQC6,"ArtToFrames 12x24 inch Satin White Frame Picture Frame, WOMFRBW26074-12x24",0,18.1,0.0,False,Home & Kitchen,,2019,2019-09-01,False,,,False,0.0,,False,
114-0114310-2107435,2019-07-01 04:28:54+00:00,Cancelled,B00JJFNT0A,Innisfree Green Tea Balancing Lotion,0,13.67,0.0,False,Health & Beauty,,2019,2019-07-01,False,,,False,0.0,,False,
114-8005807-3205006,2019-05-08 00:14:41.038000+00:00,Cancelled,B00428TTW6,"ArtToFrames 12x24 inch Modern White Frame Picture Frame, WOMFRBW74074-12x24",0,31.52,0.0,False,Home & Kitchen,,2019,2019-05-01,False,,,False,0.0,,False,
114-6724619-7626616,2019-05-08 00:14:41+00:00,Cancelled,B07FKK749J,Birkenstock New Women's Yao Balance Slide Sandal Mocha BF 37 R,0,99.95,0.0,False,Clothing & Shoes,,2019,2019-05-01,False,,,False,0.0,,False,
114-8248422-2465061,2019-02-21 04:50:19+00:00,Cancelled,B073Q9VDCS,"AmazonBasics Enameled Cast Iron Dutch Oven - 4.5-Quart, Red",0,35.46,0.0,False,Home & Kitchen,,2019,2019-02-01,False,,,False,0.0,,False,
111-6785006-0438633,2017-12-11 23:33:27+00:00,Cancelled,B00E1YC6LC,"True Blue Allergen 12x36x1 Air Filter , MERV 11, 4-Pack",0,39.96,0.0,False,Home & Kitchen,,2017,2017-12-01,False,,,False,0.0,,False,
114-6783076-8921801,2017-04-28 05:06:38+00:00,Cancelled,B0099SMFVQ,"Logitech Bluetooth Illuminated Keyboard K810 for PCs, Tablets, Smartphones - Black",0,72.99,73.02,False,Electronics & Accessories,,2017,2017-04-01,False,,,False,0.0,,False,
114-6782730-0637055,2017-04-01 21:55:04+00:00,Closed,B01MEGS70E,H&R Block Tax Software Deluxe 2016 Win + Refund Bonus Offer,1,24.95,27.01,False,Office & Supplies,,2017,2017-04-01,False,,,False,0.0,,False,
107-6673209-0293830,2016-05-28 03:59:54+00:00,Cancelled,B00817AVXU,Panasonic Lithium Battery CR1620,0,4.99,0.0,False,Electronics & Accessories,,2016,2016-05-01,False,,,False,0.0,,False,
104-5204770-4699430,2016-02-25 05:52:39+00:00,Closed,B00IX1I3G6,Amazon.com Gift Card Balance Reload,1,100.0,100.0,False,Other,,2016,2016-02-01,False,,,False,0.0,,False,
110-0179181-3715457,2015-11-10 06:44:01+00:00,Closed,B004LLIKVU,Amazon Gift Card - Email,1,50.0,50.0,False,Other,,2015,2015-11-01,False,,,False,0.0,,False,
116-1640651-8777829,2014-05-09 22:42:35+00:00,Closed,B006ZBAUD0,A Supposedly Fun Thing I'll Never Do Again,1,18.88,0.0,False,Books & Media,,2014,2014-05-01,False,,,False,0.0,,False,
112-5668052-6486651,2014-04-08 22:13:05+00:00,Closed,B004CZ6NJQ,Mrs. Dalloway,1,24.49,0.0,False,Books & Media,,2014,2014-04-01,False,,,False,0.0,,False,
107-5287041-0674660,2014-03-25 22:26:58+00:00,Closed,B0076Q1KVY,Swann's Way,1,34.96,0.0,False,Books & Media,,2014,2014-03-01,False,,,False,0.0,,False,
108-0791530-8403428,2014-03-15 00:27:12+00:00,Closed,B006BFO3S8,A Midsummer Night's Dream,1,15.01,16.25,False,Books & Media,,2014,2014-03-01,False,,,False,0.0,,False,
111-3497838-1933060,2014-01-29 02:10:00+00:00,Closed,B00684C8MK,The Winter's Tale (Dramatised),1,11.95,0.0,False,Books & Media,,2014,2014-01-01,False,,,False,0.0,,True,Customer return
110-1864551-4496215,2014-01-11 08:22:10+00:00,Closed,B0035AWIN4,Lord Jim,1,13.34,0.0,False,Books & Media,,2014,2014-01-01,False,,,False,0.0,,False,
103-1302004-9665005,2013-10-29 02:54:51+00:00,Closed,B0099RKRTY,The Fellowship of the Ring,1,38.49,0.0,False,Books & Media,,2013,2013-10-01,False,,,False,0.0,,False,
103-1302004-9665005,2013-10-29 02:54:51+00:00,Closed,B004GIDQI0,Pale Fire,1,19.95,0.0,False,Books & Media,,2013,2013-10-01,False,,,False,0.0,,False,
102-1181335-7059462,2013-09-03 06:51:32+00:00,Closed,B0055CU8IC,Les MisÃ©rables: Translated by Julie Rose,1,48.99,0.0,False,Books & Media,,2013,2013-09-01,False,,,False,0.0,,False,
106-2144056-0971401,2013-07-11 21:11:15+00:00,Closed,B005UR3VFO,11-22-63,1,52.5,0.0,False,Books & Media,,2013,2013-07-01,False,,,False,0.0,,False,
105-7845654-3276207,2012-09-11 04:32:10+00:00,Cancelled,1400030609,The Queen's Gambit: A Novel,0,1.37,1.37,False,Books & Media,,2012,2012-09-01,False,,,False,0.0,,False,
112-1621945-0603457,2025-12-20 03:43:02+00:00,Closed,B000ACAM38,"Delta Cycle Michelangelo 2 Bike Storage Rack - Gravity Fully Adjustable Bike Rack Garage For Road, MTB, and Hybrid Bicycles - Vertical Bike Rack Holds Up To 80 lbs",1,72.42,78.39,False,Outdoors & Sporting,,2025,2025-12-01,False,,,False,0.0,,False,
113-7623771-8192201,2024-08-14 15:55:50+00:00,Closed,B08PNM1LNZ,"Apple iPhone 12, 64GB, Blue - Fully Unlocked (Renewed)",1,257.17,278.39,False,Electronics & Accessories,,2024,2024-08-01,False,,,False,0.0,,False,
114-3496018-3891427,2019-05-27 20:10:55+00:00,Closed,B06Y42RKPF,"Magnetic Universal CD Slot Car Phone Mount,APPS2CAR CD Player Car Phone Mount Universally Compatible w/Android + iPhoneXS/XS Max/X/8/8Plus+ All In-Car CD Players with Magnetic Phone Car Holder Magnets",1,12.99,12.99,False,Electronics & Accessories,,2019,2019-05-01,False,,,False,0.0,,False,
112-8463253-2589853,2026-05-25 21:31:54+00:00,Closed,B0CC6MKCC3,"GOSHI Exfoliating Shower Towel - Long Body Scrubber for Back Acne, KP & Smooth Skin - Durable Rip-Resistant Weave, Quick-Dry Nylon Washcloth - Ethically Crafted in Gunma, Japan - Green",1,17.49,17.04,False,Health & Beauty,,2026,2026-05-01,True,No longer needed/wanted,136.32,True,34.08,2026-06-10 02:30:18.248000+00:00,True,Customer return
112-8463253-2589853,2026-05-25 21:31:54+00:00,Closed,B0CC6JWFQL,"GOSHI Exfoliating Shower Towel - Long Body Scrubber for Back Acne, KP & Smooth Skin - Durable Rip-Resistant Weave, Quick-Dry Nylon Washcloth - Ethically Crafted in Gunma, Japan - Blue",1,17.49,17.04,False,Health & Beauty,,2026,2026-05-01,True,No longer needed/wanted,136.32,True,34.08,2026-06-10 02:30:18.248000+00:00,True,Customer return
112-9147229-3276212,2025-03-21 20:09:48+00:00,Closed,B0BBN71SXW,"SAUMONIERES Floating Wall Shelves for Bedroom Bathroom Wall Mounted Solid Wood Shelf Storage Decor, Long White Floating Shelf",1,46.89,48.23,False,Home & Kitchen,,2025,2025-03-01,False,,,False,0.0,,False,
114-6385980-3005810,2024-02-07 22:42:41+00:00,Closed,B08D9T61HZ,"Jilla-hla Wooden Spatula Wooden Turner Acacia Wood,Long Handle Flat Frying Spatula Handmade for Kitchen Cookware (Frying Spatula)",1,7.99,8.65,False,Home & Kitchen,,2024,2024-02-01,False,,,False,0.0,,False,
114-6385980-3005810,2024-02-07 22:42:41+00:00,Closed,B005IHTSYE,"Pepcid AC Maximum Strength with 20 mg Famotidine for All-Day Heartburn Prevention & Relief, 25 ct.",1,10.98,10.98,False,Health & Beauty,,2024,2024-02-01,False,,,False,0.0,,False,
112-4148461-8655467,2020-03-25 04:52:16+00:00,Closed,B07BZLZFRG,"Nordic Ware 43172AMZM 2 - Piece Set - Half Sheet W/Oven Safe Nonstick Grid, Aluminum",1,22.99,24.89,False,Home & Kitchen,,2020,2020-03-01,False,,,False,0.0,,False,
112-4511248-8531460,2024-02-01 07:15:13+00:00,Closed,B0BPXKVZXV,"2 Pack Air & Heat Deflector for Vents, Sidewalls and Ceiling Registers, Adjustable from 8.5"" to 15""",1,9.99,10.81,False,Home & Kitchen,,2024,2024-02-01,False,,,False,0.0,,False,
112-1832732-2271406,2023-06-19 16:35:09+00:00,Closed,B0BK12TZGW,jinchan Blackout Curtains for Bedroom 96 Inch Long Linen Textured Beige Curtains Grommet Top Thermal Insulated Curtains for Living Room Modern Room Darkening Drapes Window Curtain Set 2 Panels,1,46.99,50.87,False,Home & Kitchen,,2023,2023-06-01,False,,,False,0.0,,False,
114-3818174-2391451,2019-07-01 04:28:54+00:00,Closed,B00MUSWMKQ,Chef'n Pastrio 3-in-1 Bench Scraper Set (108-667-226),1,9.99,10.81,False,Home & Kitchen,,2019,2019-07-01,False,,,False,0.0,,False,
114-3818174-2391451,2019-07-01 04:28:54+00:00,Closed,B00AHAWWO0,"Crest 3D White Professional Effects Whitestrips Whitening Strips Kit, 22 Treatments, 20 Professional Effects + 2 1 Hour Express Whitestrips",1,45.99,49.78,False,Health & Beauty,,2019,2019-07-01,False,,,False,0.0,,False,
111-9781283-3390613,2022-04-17 18:43:01+00:00,Closed,B07BS2W1PW,"Moen 26009 Engage Magnetix 2.5 GPM Handheld/Rain Shower Head 2-in-1 Combo Featuring Magnetic Docking System, Pack of 1, Chrome",1,52.73,57.08,False,Home & Kitchen,,2022,2022-04-01,False,,,False,0.0,,False,
112-8909454-2825861,2025-05-23 04:07:24+00:00,Closed,B0CHDXS5C6,"SYNCWIRE for MagSafe Car Mount, Flexible Rotation Magnetic Phone Holder for Car Vent, Hands Free Car Air Vent Phone Holder Clip Universal Compatible with iPhone 16 Pro Max 15 14 13 12 MagSafe Case",1,16.99,18.39,False,Electronics & Accessories,,2025,2025-05-01,False,,,False,0.0,,False,
102-5241029-7477835,2015-09-23 07:26:49+00:00,Closed,B0047BIWSK,Aeropress Coffee and Espresso Maker,1,29.95,32.42,False,Home & Kitchen,,2015,2015-09-01,False,,,False,0.0,,False,
112-8071409-0021046,2021-09-14 23:03:43+00:00,Closed,0525555218,The Anthropocene Reviewed (Signed Edition): Essays on a Human-Centered Planet,1,16.8,18.19,False,Books & Media,,2021,2021-09-01,False,,,False,0.0,,False,
102-1948352-5764266,2012-03-25 22:49:16+00:00,Closed,0679723161,"Lolita, 50th Anniversary Edition",1,5.73,9.72,False,Books & Media,,2012,2012-03-01,False,,,False,0.0,,False,
113-2529956-0984230,2021-06-09 20:06:49+00:00,Closed,B07MQJPVWD,"Trekology Ultralight Inflatable Camping Travel Pillow - ALUFT 2.0 Compressible, Compact, Comfortable, Ergonomic Inflating Pillows for Neck & Lumbar Support While Camp, Hiking, Backpacking",1,16.99,16.55,False,Home & Kitchen,,2021,2021-06-01,False,,,False,0.0,,False,
112-8967886-7413054,2022-12-31 06:31:18+00:00,Closed,B09WCY6Q9N,"AMOSIJOY Cordless Cat Window Perch, Cat Hammock for Wall with 4 Suction Cups, Anchor&Screw for Two Ways of Installation, Solid Metal Frame and Two Covers, Foldable Cat Beds for Indoor Cats (Medium)",1,27.99,27.27,False,Pet Supplies,,2022,2022-12-01,False,,,False,0.0,,False,
111-0361077-8905826,2025-07-09 00:01:19+00:00,Closed,B09S8WMJY9,"PETLIBRO Automatic Cat Feeder, 5G WiFi Automatic Dog Feeder with Freshness Preservation, 5L Timed Cat Feeder with Low Food Sensor, Up to 10 Meals Per Day, Granary Pet Feeder for Cats, Black",1,59.49,64.4,False,Electronics & Accessories,,2025,2025-07-01,False,,,False,0.0,,False,
114-9755496-9431434,2021-07-21 23:51:52+00:00,Closed,B07SJTXGN7,"GreaterGoods Digital Pocket Scale, Lab Analytical Scale, Gram Scale, Ounce Scale, Letter Scale, 750g X .1g Accuracy",1,14.95,14.56,False,Home & Kitchen,,2021,2021-07-01,True,No longer needed/wanted,14.56,True,14.56,2021-07-24 19:52:58.857000+00:00,False,Account adjustment
112-9067603-0848204,2023-11-15 05:20:45+00:00,Closed,B00004OCNM,"OXO Good Grips Bent Icing Spatula, Black/Silver",1,11.99,12.98,False,Home & Kitchen,,2023,2023-11-01,False,,,False,0.0,,False,
112-9067603-0848204,2023-11-15 05:20:45+00:00,Closed,B0BXP37T7R,"Pack of 2 Silicone Solid Turner,Non Stick Slotted Kitchen Spatulas,High Heat Resistant BPA Free Cooking Utensils,Ideal Cookware for Fish,Eggs,Pancakes (Stainless Steel KHAKI)",1,13.99,15.14,False,Home & Kitchen,,2023,2023-11-01,False,,,False,0.0,,False,
112-6002692-8595400,2019-09-01 00:50:00+00:00,Closed,B079HKD374,"Novogratz Concord Turntable Stand, White",1,69.61,75.35,False,Electronics & Accessories,,2019,2019-09-01,True,Refused,75.35,True,75.35,2019-09-13 04:01:40.575000+00:00,False,Shipping address is undeliverable
112-3882989-0982666,2026-02-10 05:36:13+00:00,Closed,B09Q26SCMM,"[ Set of 2 Skeins ] SMC Catania Originals 100% Mercerized Cotton Yarn, Total 3.52 Oz. Each 1.76 Oz (50g) / 136 Yrds (125 m) Amigurumi Yarn Fine-Sport 2 (246 Pink)",1,9.99,10.81,False,Crafts & Hobby,,2026,2026-02-01,False,,,False,0.0,,False,
111-4596307-1901853,2022-02-15 22:15:53+00:00,Closed,B08HR5QFRK,"EHOMEA2Z Stainless Steel Dredge Shaker 10 Oz Ideal For Salt, Spice, Sugar, Flour (1, 10 oz With Handle)",1,6.99,7.57,False,Home & Kitchen,,2022,2022-02-01,False,,,False,0.0,,False,
112-6834883-0447446,2026-05-18 04:36:24+00:00,Closed,B0DT76KTX8,Veeloim Stone Bath Mat Diatomaceous Earth Shower Mat Non-Slip Super Absorbent Diatomite Stone Bath Mats for Bathroom Floor Quick Drying Natural Easy to Clean,1,29.98,32.45,False,Home & Kitchen,,2026,2026-05-01,False,,,False,0.0,,False,
112-0548285-9473059,2023-04-21 20:41:23+00:00,Closed,0593138414,"The Perfect Loaf: The Craft and Science of Sourdough Breads, Sweets, and More: A Baking Book",1,31.5,34.1,False,Books & Media,,2023,2023-04-01,False,,,False,0.0,,False,
112-0548285-9473059,2023-04-21 20:41:23+00:00,Closed,B08K3STKK1,OXO Good Grips NEW Large 4-Inch Pizza Wheel and Cutter,1,15.95,17.27,False,Home & Kitchen,,2023,2023-04-01,False,,,False,0.0,,False,
113-3330880-6969047,2024-08-07 23:57:37+00:00,Closed,B08XC4187R,Funko Pop!: Kraft - Mac & Cheese Box,1,24.91,26.97,False,Toys & Games,,2024,2024-08-01,False,,,False,0.0,,False,
113-8319375-5463448,2021-07-24 18:18:10+00:00,Closed,B084FBMV1D,"TIMEMORE Coffee Scale, Espresso Scale ,Weigh Digital Coffee Scale with Timer,2000 Grams(Black)",1,55.0,56.56,False,Home & Kitchen,,2021,2021-07-01,False,,,False,0.0,,False,
111-7015792-5301033,2022-01-04 17:51:20+00:00,Closed,B09KZ6TBNY,"iHealth COVID-19 Antigen Rapid Test, 2 Tests per Pack,FDA EUA Authorized OTC at-Home Self Test, Results in 15 Minutes with Non-invasive Nasal Swab, Easy to Use & No Discomfort",1,17.98,19.46,False,Health & Beauty,,2022,2022-01-01,False,,,False,0.0,,False,
112-1128889-9012202,2021-12-29 18:26:38+00:00,Closed,B07G9XMDHR,Minorien Japanese Sandalwood Incense Sticks Fuin Byakudan Medium Pack (155 Stick) - 5.3 inches - Made in Japan,1,24.7,26.74,False,Home & Kitchen,,2021,2021-12-01,False,,,False,0.0,,False,
112-6778897-1062601,2021-05-28 22:22:16+00:00,Closed,B07ZM5HWYM,Night Cat Camping Lantern for Tent Bright Portable Lightweight LED Light,1,9.99,8.65,False,Electronics & Accessories,,2021,2021-05-01,True,No longer needed/wanted,34.64,True,34.64,2021-06-09 20:02:37.403000+00:00,True,Customer return
112-8605712-8845006,2021-05-28 06:22:14+00:00,Closed,B078BLRM2L,COSRX Acne Pimple Master Patch 96 Patches (4 Packs of 24 Patches) | A.D.F. Hydrocolloid Dressing | Quick & Easy Treatment,1,14.3,15.48,False,Health & Beauty,,2021,2021-05-01,False,,,False,0.0,,False,
112-8688241-6839433,2025-02-07 22:10:49+00:00,Closed,B0BX525WTW,"Mibao Dirt Trapper Door Mat for Indoor&Outdoor, 24"" x 36"", Anthracite Black, Washable Barrier Door Mat, Heavy Duty Non-Slip Entrance Rug Shoes Scraper, Super Absorbent Front Door Mat Carpet",1,25.19,27.27,False,Clothing & Shoes,,2025,2025-02-01,False,,,False,0.0,,False,
112-2234383-5906640,2025-02-07 20:04:39+00:00,Closed,B0DRHXK2G2,BRIKSMAX Light Kit for Lego-10344 Lucky Bamboo -Led Lighting Kit Compatible with Lego The Botanical Collection Building Set- Not Include Lego Set,1,29.99,27.59,False,Electronics & Accessories,,2025,2025-02-01,False,,,False,0.0,,False,
110-8261142-3875426,2013-01-21 06:18:32+00:00,Closed,8866130931,Moleskine 2013 12 Month Weekly Notebook Planner Black Soft Cover Large (Moleskine Legendary Notebooks (Calendars)),1,18.95,24.83,False,Office & Supplies,,2013,2013-01-01,False,,,False,0.0,,False,
114-6401912-4617820,2013-11-03 06:18:06+00:00,Closed,B000UGS97U,Comic Images Super Deformed Chewbacca Plush Toy,1,9.26,10.02,False,Toys & Games,,2013,2013-11-01,False,,,False,0.0,,False,
113-3009280-7777028,2018-09-18 04:29:21+00:00,Closed,B000I6537G,Birkenstock Arizona Women's Black Birko-Flor Sandal 37 / Women's US Size 6-6.5,1,99.9,99.9,False,Clothing & Shoes,,2018,2018-09-01,True,No longer needed/wanted; Too large,737.0400000000001,True,122.84,2018-10-05 00:27:06.409000+00:00,True,Customer return
114-5576094-1348247,2019-04-08 02:14:04+00:00,Closed,B00LB7REFK,trtl Pillow - Scientifically Proven Super Soft Neck Support Travel Pillow - Machine Washable (Grey),1,29.99,29.99,False,Home & Kitchen,,2019,2019-04-01,True,No longer needed/wanted; Style not as expected,0.0,False,0.0,,False,
114-5576094-1348247,2019-04-08 02:14:04+00:00,Closed,B00FJQFJX8,"Sleep Mask by Bedtime Bliss - Contoured & Comfortable With Moldex Ear Plug Set. Includes Carry Pouch for Eye Mask and Ear Plugs - Great for Travel, Shift Work & Meditation (Black)",1,12.9,12.9,False,Health & Beauty,,2019,2019-04-01,True,No longer needed/wanted; Style not as expected,0.0,False,0.0,,False,
112-1700819-9652223,2025-01-21 07:27:06+00:00,Closed,B0CFZPSPBY,"Anker Cable (2Pack 6FT), 240W USB C to USB C Right Angle Cable, 90 Degree Type C Braided Charging Cord for iPhone 16 Series and More (USB 2.0, Black)",1,11.99,12.98,False,Electronics & Accessories,,2025,2025-01-01,True,No longer needed/wanted,25.96,True,12.98,2025-01-28 22:45:41.340000+00:00,True,Customer return
112-1652838-3568262,2025-01-12 22:36:52+00:00,Closed,B0878GNJM6,"adidas mens Squadra 21 Shorts, Team Green/White, X-Small US",1,22.0,23.82,False,Clothing & Shoes,,2025,2025-01-01,True,Refused,23.82,True,23.82,2025-02-18 00:21:07.386000+00:00,False,Refused to accept delivery
111-0704896-4474613,2021-02-16 10:09:13+00:00,Closed,B07SJPMXXG,"Nulo Adult & Kitten Grain Free Canned Wet Cat Food 3 Flavors (Turkey, Duck, & Salmon) - 12.5 oz, Case of 12",1,37.02,40.07,False,Pet Supplies,,2021,2021-02-01,False,,,False,0.0,,False,
111-4596307-1901853,2022-02-15 22:15:53+00:00,Closed,B0995VCFDF,malu Diatomaceous Earth Bath Mat - Fast-Drying Water-Absorbent Stone Bath Mat - Wide 15.4 X 23.6 inches Non-Slip Stone Mats for Bathroom Shower Floor - Diatomite Bath Mat with Herringbone Design,1,49.99,54.11,False,Home & Kitchen,,2022,2022-02-01,False,,,False,0.0,,False,
113-6699638-8414622,2018-08-21 04:04:41+00:00,Closed,B000I6537G,Birkenstock Arizona Women's Black Birko-Flor Sandal 37 / Women's US Size 6-6.5,1,99.95,99.95,False,Clothing & Shoes,,2018,2018-08-01,True,Different from what was ordered; Style not as expected,0.0,True,99.95,2018-09-19 02:52:38.926000+00:00,True,Customer return
104-9910010-1448240,2017-01-01 08:37:42+00:00,Closed,B00BJBOITS,"Kalita 22199 Wave Filters, 185, Pack of 100, White (Japan Import)",1,7.63,7.63,False,Home & Kitchen,,2017,2017-01-01,False,,,False,0.0,,False,
114-6658165-8285827,2017-10-04 03:17:44+00:00,Closed,B003NR57BY,"Logitech M510  Wireless Mouse, Black,  910-001822",1,17.99,19.47,False,Electronics & Accessories,,2017,2017-10-01,False,,,False,0.0,,False,
103-2193805-3934628,2014-11-14 04:41:45+00:00,Closed,0618919813,The First Total War: Napoleon's Europe and the Birth of Warfare as We Know It,1,11.11,12.03,False,Books & Media,,2014,2014-11-01,False,,,False,0.0,,False,
112-4595913-5255412,2025-03-17 22:38:52+00:00,Closed,B0C38WDX79,"UANTIN USB C to HDMI Cable 6Ft | 4K High-Speed USB 3.1 Type-C to HDMI Cord [Thunderbolt 3/4 Compatible] with MacBook Pro/Air,Galaxy S8 to S23, iPhone 15/16, iPad Pro, iMac, Surface",1,9.19,7.96,False,Electronics & Accessories,,2025,2025-03-01,False,,,False,0.0,,False,
112-5738474-0484265,2023-09-05 22:21:36+00:00,Closed,B07JJW4292,"Miusol Women's Formal Floral Lace Evening Party Maxi Dress (Small, Navy Blue)",1,45.99,49.78,False,Clothing & Shoes,,2023,2023-09-01,True,No longer needed/wanted; Style not as expected,1536.6599999999999,True,170.74,2023-09-15 01:48:36.151000+00:00,True,Customer return
112-7978988-4196266,2021-03-16 21:17:55+00:00,Closed,B07JF4YFJY,"Satisfyer Pro 2+ Air-Pulse Clitoris Stimulating Vibrator - Non-Contact Clitoral Sucking Pressure-Wave Technology & Vibration, Waterproof, Rechargeable",1,39.95,43.25,False,Health & Beauty,,2021,2021-03-01,False,,,False,0.0,,False,
114-4611207-1435417,2018-07-12 05:19:08+00:00,Closed,B005G1DWIA,Birkenstock Arizona Mocha Birkibuc Sandal 37 N (US Women's 6-6.5),1,99.95,99.95,False,Clothing & Shoes,,2018,2018-07-01,True,Ordered wrong style/size/color,99.95,True,99.95,2018-07-22 02:48:13.946000+00:00,True,Customer return
112-5363038-5299451,2021-04-26 15:12:10+00:00,Closed,B0014J7FUY,Urnex Grindz Professional Coffee Grinder Cleaning Tablets - 430 Grams - All Natural Food Safe Gluten Free - Cleans Grinder Burr and Casing - Help Extend Life of Your Grinder,1,23.05,23.71,False,Home & Kitchen,,2021,2021-04-01,False,,,False,0.0,,False,
111-5486988-4571428,2026-03-25 19:04:29+00:00,Closed,B0D8MZ9Z5Y,"Cole Haan Women's Lana Lux Penny Loafers Remastered, Black Leather, 6.5-C US",1,159.27,172.41,False,Clothing & Shoes,,2026,2026-03-01,True,Too large,172.41,True,172.41,2026-04-09 21:29:54.598000+00:00,True,Customer return
113-3280206-3656268,2021-01-15 22:35:15+00:00,Closed,B078RJVT87,"DIY Oil Painting Newsight Paintworks Paint by Number for Kids and Adults (16"" x 20""Color Cat)",1,12.99,14.06,False,Toys & Games,,2021,2021-01-01,False,,,False,0.0,,False,
112-9042391-1089858,2025-12-18 22:58:02+00:00,Closed,B0FH9M58SX,"Wonderland Flower Building Sets, Compatible with Lego Flowers for Adults, Girls, Women and Fans - Pink Rose Flower Gifts for Birthday, Party and Festivals (220 PCS)",1,26.29,28.46,False,Toys & Games,,2025,2025-12-01,False,,,False,0.0,,False,
102-8669561-0309858,2011-09-12 17:30:55+00:00,Closed,0679642536,The Complete Poetry and Essential Prose of John Milton (Modern Library),1,34.65,38.64,False,Books & Media,,2011,2011-09-01,False,,,False,0.0,,False,
113-8942426-1149818,2024-07-16 19:44:32+00:00,Closed,B014SAB948,"COSRX Acne Pimple Patch (96 Count) Absorbing Hydrocolloid Spot Treatment Fast Healing, Blemish Cover, Three Sizes",1,9.71,13.75,False,Health & Beauty,,2024,2024-07-01,False,,,False,0.0,,False,
114-3804027-4471418,2020-12-24 20:42:33+00:00,Closed,B08DF248LD,Xbox Core Controller - Carbon Black,1,59.88,64.82,False,Toys & Games,,2020,2020-12-01,False,,,False,0.0,,False,
112-5099123-2094651,2023-10-12 04:34:33+00:00,Closed,B014SAB948,"COSRX Acne Pimple Patch (96 Count) Absorbing Hydrocolloid Spot Treatment Fast Healing, Blemish Cover, Three Sizes",5,13.0,58.45,False,Health & Beauty,,2023,2023-10-01,True,Unknown Reason,292.25,True,58.45,2023-10-20 09:28:41.552000+00:00,False,Shipping address is undeliverable
112-8264226-7937049,2024-12-29 17:28:33+00:00,Closed,B081PQ2DZL,"Wiper Blade Refill, Beigaon 28 inch Silicone Wiper Blade Refill for Replacement Windshield Wipers, (Strip Height: 11mm, Width: 6mm) Fit for Frameless Wiper Insert, DIY Cut to Size(Pack of 2)",1,7.99,8.65,False,Home & Kitchen,,2024,2024-12-01,False,,,False,0.0,,False,
112-9247142-9351425,2024-12-27 23:23:51+00:00,Closed,B0DJX928CD,"MUETUX Nacs Supercharger to CCS1 Charging Adapter, [Max 500A, 1000V] fit for Rivian,Ford,Mustang,GM EVs,Volvo,Polestar, NACS to CCS Adapter, Tesla Supercharger Adapter,fit for Tesla V1/V2/V3/V4 DC",1,169.99,151.54,False,Electronics & Accessories,,2024,2024-12-01,False,,,False,0.0,,False,
114-9983844-8760257,2023-12-01 06:45:55+00:00,Closed,B08LYD6645,"Bates- Single Edge Razor Blade, 50 pc, Scraper Blades, Flat Razor Blade, One Edge, Single Sided Razor Blade",1,6.85,7.42,False,Health & Beauty,,2023,2023-12-01,False,,,False,0.0,,False,
113-7903175-2915454,2021-05-10 19:30:50+00:00,Closed,B001CMRQUW,TEAKHAUS Wood Cutting Board Block I Chopping Board I Wooden Cutting Boards for Kitchen I Large Cutting Board with Handle I Chopping Boards for Kitchen I Thick Cutting Board 107 24x18x1.5,1,99.99,108.24,False,Home & Kitchen,,2021,2021-05-01,False,,,False,0.0,,False,
112-8220386-6907459,2021-06-16 22:06:32+00:00,Closed,B077T5K9TN,"The Hat Depot Kids Washed Low Profile Cotton and Denim Plain Baseball Cap Hat (6-9yrs, Olive)",1,10.99,11.9,False,Clothing & Shoes,,2021,2021-06-01,False,,,False,0.0,,False,
112-6327736-5357002,2025-02-26 16:20:07+00:00,Closed,B0BYDS9KHV,"PETLIBRO Cat Water Fountain, Cordless Pet Water Fountain Battery Operated, 2.5L/84oz Dockstream Water Fountains for Cats Indoor, Cat Fountain with Stainless Steel Tray, Easy to Clean BPA-Free",1,69.99,68.19,False,Electronics & Accessories,,2025,2025-02-01,True,Performance or quality not adequate,68.19,True,68.19,2025-03-08 02:17:42.625000+00:00,True,Customer return
112-6327736-5357002,2025-02-26 16:20:07+00:00,Closed,B08DRNG3CY,"Marce Matcha Whisk Set- Matcha Set includes Matcha Whisk and Bowl (Matcha Bowl), Matcha Sifter, Matcha Whisk Holder and Matcha Scoop- The Perfect Bamboo Whisk for Matcha Tea (White)",1,34.95,37.83,False,Home & Kitchen,,2025,2025-02-01,True,Performance or quality not adequate,68.19,True,68.19,2025-03-08 02:17:42.625000+00:00,True,Customer return
112-3669095-2233069,2019-11-18 18:02:42+00:00,Closed,B07N563627,2 Pack of 7 Inch Round Brotform Banneton Proofing Baskets with Liner Bread Bowl for Baking Dough with Rising Pattern,1,21.18,20.76,False,Home & Kitchen,,2019,2019-11-01,False,,,False,0.0,,False,
112-5500961-9268257,2019-09-17 01:58:45+00:00,Closed,B06XJ698WV,(10 x 6 x 4 inch) Premium Oval Banneton Basket with Liner - Perfect Brotform Proofing Basket for Making Beautiful Bread,2,11.95,25.88,False,Home & Kitchen,,2019,2019-09-01,False,,,False,0.0,,False,
112-2870940-0016251,2025-01-29 22:30:57+00:00,Closed,B081PQ2DZL,"Wiper Blade Refill, Beigaon 28 inch Silicone Wiper Blade Refill for Replacement Windshield Wipers, (Strip Height: 11mm, Width: 6mm) Fit for Frameless Wiper Insert, DIY Cut to Size(Pack of 2)",1,8.99,9.73,False,Home & Kitchen,,2025,2025-01-01,False,,,False,0.0,,False,
112-3504322-9935429,2023-05-17 23:50:50+00:00,Closed,B0856W45VL,"eufy security S220 Indoor Cam, 2K, Pan & Tilt, Indoor Security Camera, Wi-Fi Plug-in Camera, Human & Pet AI, Voice Assistant Compatibility, Night Vision, Motion Tracking, HomeBase Compatible",1,54.99,43.29,False,Electronics & Accessories,,2023,2023-05-01,False,,,False,0.0,,False,
111-8233183-1884219,2025-07-01 18:40:57+00:00,Closed,B0DS9KVDFP,"NTIERA Replacement Lid for Owala Freesip Water Bottle, Compatible with Owala Lid and Cap, Premium Accessories for 16oz 24oz 32oz 40oz Bottles,Leak-Proof,BPA-Free(Dark Grey)",1,8.99,9.73,False,Clothing & Shoes,,2025,2025-07-01,True,Unauthorized purchase,9.73,True,9.73,2025-07-11 07:05:57.838000+00:00,False,Item billing error
113-0304049-0513029,2018-06-19 23:39:12+00:00,Closed,B007TYL5HM,Drivers Taillight Tail Lamp with Bulb Type Lens Replacement for Mazda 3 Mazda3 BBM4-51-160F,1,47.98,47.98,False,Home & Kitchen,,2018,2018-06-01,False,,,False,0.0,,False,
112-4595913-5255412,2025-03-17 22:38:52+00:00,Closed,B08FQX8MXQ,"CalDigit Thunderbolt 4 Element Hub - 4X USB4 Ports, USB 3.2 Gen2 10Gb/s, Single 8K or Dual 4K Displays, 60W Charging, 0.8m Cable",1,179.99,194.84,False,Electronics & Accessories,,2025,2025-03-01,False,,,False,0.0,,False,
112-8555960-6509840,2024-05-05 03:54:58+00:00,Closed,B0BH4PHYL1,Bukefuno QY Tornado V3 M 3x3 Flagship Magnetic Speed Magic Cube QY Toys Man Tornado V3M 3x3x3 Stickerless Cubes Puzzle(Magnetic Core Flagship),1,25.69,27.81,False,Toys & Games,,2024,2024-05-01,False,,,False,0.0,,False,
112-8555960-6509840,2024-05-05 03:54:58+00:00,Closed,B0B1ZZPLN3,"Fidget Spinner Toys Cube Adults, Easter Basket Stuffers for Teens Metal EDC Cool Desk Gadgets Office Toys Small Anxiety Figette Sensory Toy, ADHD Tool Fingears Figet Stress Valentine Gift for Boys",1,11.98,12.97,False,Toys & Games,,2024,2024-05-01,False,,,False,0.0,,False,
113-5081668-8723402,2020-09-02 21:31:00+00:00,Closed,B07S395RWD,Logitech MX Master 3 Advanced Wireless Mouse - Graphite,1,99.99,108.24,False,Electronics & Accessories,,2020,2020-09-01,False,,,False,0.0,,False,
113-4291839-8773069,2020-07-20 15:24:21+00:00,Closed,B0765P2477,"Artisan Steel - High Performance Pizza Steel Made in the USA - 16"" x 14.25"" (.25"" Thick)",1,69.99,75.76,False,Home & Kitchen,,2020,2020-07-01,False,,,False,0.0,,False,
114-4465956-4630665,2018-11-24 17:27:03+00:00,Closed,B078B4L3DP,Spigen Neo Hybrid Galaxy S9 Case with Flexible Herringbone Pattern Protection and Reinforced Hard Bumper Frame for Samsung Galaxy S9 (2018) - Shiny Black,1,15.99,17.31,False,Electronics & Accessories,,2018,2018-11-01,False,,,False,0.0,,False,
112-3916017-5730630,2020-03-06 06:13:04+00:00,Closed,B085FXBWT9,"Artnaturals Hand Sanitizer Gel Alcohol Based (1 Pack x 7.4 Fl Oz / 220ml) Infused with Jojoba Oil, Alovera Gel & Vitamin E - Unscented Fragrance Free Sanitize",1,14.98,14.98,False,Health & Beauty,,2020,2020-03-01,False,,,False,0.0,,False,
111-3201762-9420200,2018-04-24 02:35:34+00:00,Closed,B00JJFNT0A,Innisfree Green Tea Balancing Lotion,1,14.2,14.2,False,Health & Beauty,,2018,2018-04-01,False,,,False,0.0,,False,
112-2200595-9535426,2021-05-18 01:13:49+00:00,Closed,B077T5K9TN,"The Hat Depot Kids Washed Low Profile Cotton and Denim Plain Baseball Cap Hat (6-9yrs, Olive)",1,10.99,11.9,False,Clothing & Shoes,,2021,2021-05-01,False,,,False,0.0,,False,
112-2985708-1819410,2025-03-17 18:23:29+00:00,Closed,B0869L7KPR,"Curel Japanese Skin Care Intensive Face Moisturizer Cream, Hydrating Face Lotion for Dry to Very Dry Sensitive Skin, Anti-Aging, Fragrance-Free, Anti-Wrinkle Japanese Skin Care, 1.4 Oz",1,22.08,17.93,False,Health & Beauty,,2025,2025-03-01,False,,,False,0.0,,False,
112-5487178-0803407,2024-09-20 17:59:46+00:00,Closed,B06X15H5RH,"Nulo Freestyle Cat & Kitten Wet Pate Canned Cat Food, Premium All Natural Grain-Free, with 5 High Animal-Based Proteins and Vitamins to Support a Healthy Immune System and Lifestyle",1,44.28,43.14,False,Pet Supplies,,2024,2024-09-01,False,,,False,0.0,,False,
111-7697958-6885831,2022-07-13 16:18:02+00:00,Closed,B08XVYZ1Y5,"Fire TV Stick 4K streaming device with latest Alexa Voice Remote (includes TV controls), Dolby Vision",1,29.99,20.56,False,Electronics & Accessories,,2022,2022-07-01,False,,,False,0.0,,False,
112-8494693-4182666,2023-11-14 16:57:14+00:00,Closed,B097BCW23Y,"Homso A2 Poster Frame, 16.5x23.4 in Black Thin Metal edge Frames with High Definition Acrylic for Wall Mounting Horizontally and Verticall",3,36.89,110.22,False,Home & Kitchen,,2023,2023-11-01,False,,,False,0.0,,False,
109-8762963-1811450,2014-01-29 05:34:17+00:00,Closed,0156010755,The Feeling of What Happens: Body and Emotion in the Making of Consciousness,1,11.97,12.96,False,Books & Media,,2014,2014-01-01,False,,,False,0.0,,False,
104-8707097-2709029,2015-10-13 07:23:39+00:00,Closed,B00GWGLUZ0,"Microsoft Universal Mobile Keyboard for iPad, iPhone, Android devices, and Windows tablets - Black",1,39.99,43.29,False,Electronics & Accessories,,2015,2015-10-01,False,,,False,0.0,,False,
112-8290123-6545023,2020-01-21 09:41:37+00:00,Closed,B07KKJLGZN,"Nekmit USB C Charger, Thin Flat 42W 4-Port Wall Charger with One 18W Power Delivery PD 3.0 and 3 USB Port for iPad Pro, iPhone 11/ Pro/Max/XS/Max/XR/X, Pixel, Galaxy and More",1,25.99,28.13,False,Electronics & Accessories,,2020,2020-01-01,False,,,False,0.0,,False,
113-6198439-2711458,2020-06-04 21:50:02+00:00,Closed,B00JF9DWWU,"FlipBelt Level Terrain Waist Pouch, Medium, Black",1,28.99,31.38,False,Outdoors & Sporting,,2020,2020-06-01,False,,,False,0.0,,False,
112-3168189-6439419,2025-12-25 05:49:51+00:00,Closed,B091FXQQMQ,"Kasa Smart Plug Ultra Mini 15A, Smart Home Wi-Fi Outlet Works with Alexa, Google Home & IFTTT, No Hub Required, UL Certified, 2.4G WiFi Only, 2 Count (Pack of 1)(EP10P2) , White",1,13.98,15.13,False,Electronics & Accessories,,2025,2025-12-01,False,,,False,0.0,,False,
112-1563386-2994637,2022-06-12 19:14:30+00:00,Closed,B07ZG9KW75,Smith Signal MIPS Bike Helmet Cloudgrey S,1,48.26,49.63,False,Outdoors & Sporting,,2022,2022-06-01,False,,,False,0.0,,False,
102-1591109-4355446,2015-09-20 05:04:32+00:00,Closed,B001804CLY,"Hario Coffee Mill Slim Grinder, Mini",1,22.05,22.05,False,Home & Kitchen,,2015,2015-09-01,False,,,False,0.0,,False,
114-2739621-9002622,2023-12-01 06:45:55+00:00,Closed,B002PMV77G,"Cambro RFS6PPSW2190 6-Quart Round Food-Storage Container with Lid, Set of 2",1,9.68,10.48,False,Home & Kitchen,,2023,2023-12-01,False,,,False,0.0,,False,
113-6568584-5547410,2020-08-03 00:07:32+00:00,Closed,0345804341,The Nickel Boys: A Novel,1,12.76,13.81,False,Books & Media,,2020,2020-08-01,False,,,False,0.0,,False,
114-7066864-9758654,2026-06-12 10:51:31+00:00,Closed,B07WWB1MLN,"PUR Water Pitcher & Dispenser Replacement Filter 4-Pack, Genuine PUR Water Filter, 2-in-1 Powerful and Faster Filtration, 8-Month Value, Blue (PPF900Z4)",1,25.49,26.22,False,Home & Kitchen,,2026,2026-06-01,False,,,False,0.0,,False,
108-8943835-3968215,2014-01-17 01:43:07+00:00,Closed,0393323196,A Mind So Rare: The Evolution of Human Consciousness,1,18.57,29.83,False,Books & Media,,2014,2014-01-01,False,,,False,0.0,,False,
114-4077331-8489041,2018-12-15 07:14:16+00:00,Closed,B005LRYV02,Victorinox Swiss Classic 10-Inch Honing Steel,1,19.95,21.6,False,Home & Kitchen,,2018,2018-12-01,False,,,False,0.0,,False,
114-9983552-3805856,2018-12-15 07:14:16+00:00,Closed,B00200L90I,Kotobuki King 250+1000/K-80 Combo,1,24.92,24.92,False,Home & Kitchen,,2018,2018-12-01,False,,,False,0.0,,False,
112-6757277-2221025,2026-01-10 23:15:50+00:00,Closed,B0953CCX5P,"unipaws Cat Litter Trapping Mat, Litter Box Scatter Control Pad, Litter Free Floors and Urine Waterproof, Gentle on Paws, No Phthalate",1,24.99,27.05,False,Pet Supplies,,2026,2026-01-01,False,,,False,0.0,,False,
112-6757277-2221025,2026-01-10 23:15:50+00:00,Closed,B0B5X5DQPT,"Surge Protector Outlet Extender - with Rotating Plug, 6 AC Multi Plug Outlet with 4 USB Ports (2 USB C), 1800J Wall Charger, 3-Sided Power Strip with Spaced Outlet Splitter for Home, Office, Travel",1,13.99,15.14,False,Electronics & Accessories,,2026,2026-01-01,False,,,False,0.0,,False,
112-5678590-8151444,2025-02-25 00:06:58+00:00,Closed,B08DRNG3CY,"Marce Matcha Whisk Set- Matcha Set includes Matcha Whisk and Bowl (Matcha Bowl), Matcha Sifter, Matcha Whisk Holder and Matcha Scoop- The Perfect Bamboo Whisk for Matcha Tea (White)",1,34.95,37.83,False,Home & Kitchen,,2025,2025-02-01,True,Refused,106.02,True,106.02,2025-03-01 02:31:26.047000+00:00,False,Refused to accept delivery
112-5678590-8151444,2025-02-25 00:06:58+00:00,Closed,B0BYDS9KHV,"PETLIBRO Cat Water Fountain, Cordless Pet Water Fountain Battery Operated, 2.5L/84oz Dockstream Water Fountains for Cats Indoor, Cat Fountain with Stainless Steel Tray, Easy to Clean BPA-Free",1,69.99,68.19,False,Electronics & Accessories,,2025,2025-02-01,True,Refused,106.02,True,106.02,2025-03-01 02:31:26.047000+00:00,False,Refused to accept delivery
112-8625575-3701045,2025-02-21 17:29:27+00:00,Closed,B0D6YMSS6K,"amFilm Designed for Google Pixel 9 Pro/Google Pixel 9 Screen Protector 6.3"" Tempered Glass, Ultrasonic Fingerprint Compatible, Easy Installation Frame, Anti Scratch, Bubbles-Free, Case Friendly,3 Pack",1,6.99,7.57,False,Electronics & Accessories,,2025,2025-02-01,False,,,False,0.0,,False,
112-1613293-5025866,2023-04-02 21:54:41+00:00,Closed,B08XMZS6RX,"KASK Mojito3 Helmet I Road, Gravel and Commute Biking Helmet - Grey - Small",1,170.0,184.03,False,Outdoors & Sporting,,2023,2023-04-01,False,,,False,0.0,,False,
113-6470048-7213832,2020-07-20 15:24:21+00:00,Closed,B003A4JFUE,"Vollrath 47935 5-Quart Economy Mixing Bowl, Stainless Steel",1,9.99,10.81,False,Home & Kitchen,,2020,2020-07-01,False,,,False,0.0,,False,
111-8470149-3080208,2025-07-17 22:22:32+00:00,Closed,B08SLQCGZK,Transon Detail Thin Paint Brush Set 6pcs for Model Minature Craft and Art Painting Green,1,7.99,8.65,False,Crafts & Hobby,,2025,2025-07-01,False,,,False,0.0,,False,
113-9004545-6473862,2018-08-14 01:01:38+00:00,Closed,B016YKB8ZU,Audio-Technica ATH-M40x Certified Refurbished,1,82.94,82.94,False,Electronics & Accessories,,2018,2018-08-01,False,,,False,0.0,,False,
104-2964932-0272212,2016-06-13 06:20:39+00:00,Closed,B00HYOGTTG,"Zojirushi SM-SA48-BA Stainless Steel Mug, Black, 16-Ounce",1,25.99,28.13,False,Home & Kitchen,,2016,2016-06-01,False,,,False,0.0,,False,
112-2468918-5799459,2024-06-29 17:11:41+00:00,Closed,B003PSJ7F8,"Descaling Powder Solution - 4 Uses - Activated Scale Remover for use with Keurig 1.0/2.0, Home Coffee and Espresso Machines, Kettles, Garment Steamers",2,7.79,14.5,False,Home & Kitchen,,2024,2024-06-01,False,,,False,0.0,,False,
114-2811229-1473069,2019-01-21 07:41:33+00:00,Closed,B01MDSQC21,"NYDJ Women's Petite Size Alina Skinny Convertible Ankle Jeans, Heyburn, 4P",1,124.0,134.23,False,Clothing & Shoes,,2019,2019-01-01,True,Style not as expected,993.1199999999999,True,248.27999999999997,2019-01-31 18:50:44.905000+00:00,True,Customer return
112-1930170-2714606,2021-05-14 21:09:36+00:00,Closed,B08H1S7865,"54mm Bottomless Portafilter for Breville Barista Express, BES870XL, BES870BSXL, BES878BSS, BES880BSS, BES840XL and More Breville Espresso Machine (Brown)",1,39.95,37.83,False,Home & Kitchen,,2021,2021-05-01,False,,,False,0.0,,False,
